filename,line_number,pylint_message,pylint_type,pylint_symbol,bandit_issue_text,bandit_issue_confidence,bandit_issue_severity
aspen-0.38/aspen/backcompat.py,139,"Missing parentheses in call to 'exec' (&lt;string&gt;, line 139)",Category.E,syntax-error,Use of exec detected.,HIGH,MEDIUM
aspen-0.38/aspen/resources/static_resource.py,25,Using type() instead of isinstance() for a typecheck.,Category.C,unidiomatic-typecheck,Use of assert detected. The enclosed code will be removed when compiling to optimised byte code.,HIGH,LOW
aspen-0.38/aspen/resources/simplate.py,123,"Missing parentheses in call to 'exec' (&lt;string&gt;, line 123)",Category.E,syntax-error,Use of exec detected.,HIGH,MEDIUM
aspen-0.38/aspen/utils.py,344,Using type() instead of isinstance() for a typecheck.,Category.C,unidiomatic-typecheck,Use of assert detected. The enclosed code will be removed when compiling to optimised byte code.,HIGH,LOW
aspen-0.38/aspen/renderers/json_dump.py,22,Use of eval,Category.W,eval-used,Use of possibly insecure function - consider using safer ast.literal_eval.,HIGH,MEDIUM
