filename,line_number,pylint_message,pylint_type,pylint_symbol,bandit_issue_text,bandit_issue_confidence,bandit_issue_severity
autobahn-0.14.1/setup.py,48,Use of exec,Category.W,exec-used,Use of exec detected.,HIGH,MEDIUM
autobahn-0.14.1/autobahn/util.py,83,Unnecessary parens after 'assert' keyword,Category.C,superfluous-parens,Use of assert detected. The enclosed code will be removed when compiling to optimised byte code.,HIGH,LOW
autobahn-0.14.1/autobahn/util.py,84,Unnecessary parens after 'assert' keyword,Category.C,superfluous-parens,Use of assert detected. The enclosed code will be removed when compiling to optimised byte code.,HIGH,LOW
autobahn-0.14.1/autobahn/util.py,367,Unnecessary parens after 'assert' keyword,Category.C,superfluous-parens,Use of assert detected. The enclosed code will be removed when compiling to optimised byte code.,HIGH,LOW
autobahn-0.14.1/autobahn/util.py,368,Unnecessary parens after 'assert' keyword,Category.C,superfluous-parens,Use of assert detected. The enclosed code will be removed when compiling to optimised byte code.,HIGH,LOW
autobahn-0.14.1/autobahn/util.py,82,Using type() instead of isinstance() for a typecheck.,Category.C,unidiomatic-typecheck,Use of assert detected. The enclosed code will be removed when compiling to optimised byte code.,HIGH,LOW
autobahn-0.14.1/autobahn/util.py,83,Using type() instead of isinstance() for a typecheck.,Category.C,unidiomatic-typecheck,Use of assert detected. The enclosed code will be removed when compiling to optimised byte code.,HIGH,LOW
autobahn-0.14.1/autobahn/util.py,367,Using type() instead of isinstance() for a typecheck.,Category.C,unidiomatic-typecheck,Use of assert detected. The enclosed code will be removed when compiling to optimised byte code.,HIGH,LOW
autobahn-0.14.1/autobahn/util.py,368,Using type() instead of isinstance() for a typecheck.,Category.C,unidiomatic-typecheck,Use of assert detected. The enclosed code will be removed when compiling to optimised byte code.,HIGH,LOW
autobahn-0.14.1/autobahn/util.py,369,Using type() instead of isinstance() for a typecheck.,Category.C,unidiomatic-typecheck,Use of assert detected. The enclosed code will be removed when compiling to optimised byte code.,HIGH,LOW
autobahn-0.14.1/autobahn/wamp/auth.py,64,Unnecessary parens after 'assert' keyword,Category.C,superfluous-parens,Use of assert detected. The enclosed code will be removed when compiling to optimised byte code.,HIGH,LOW
autobahn-0.14.1/autobahn/wamp/auth.py,81,Unnecessary parens after 'assert' keyword,Category.C,superfluous-parens,Use of assert detected. The enclosed code will be removed when compiling to optimised byte code.,HIGH,LOW
autobahn-0.14.1/autobahn/wamp/auth.py,82,Unnecessary parens after 'assert' keyword,Category.C,superfluous-parens,Use of assert detected. The enclosed code will be removed when compiling to optimised byte code.,HIGH,LOW
autobahn-0.14.1/autobahn/wamp/auth.py,208,Unnecessary parens after 'assert' keyword,Category.C,superfluous-parens,Use of assert detected. The enclosed code will be removed when compiling to optimised byte code.,HIGH,LOW
autobahn-0.14.1/autobahn/wamp/auth.py,209,Unnecessary parens after 'assert' keyword,Category.C,superfluous-parens,Use of assert detected. The enclosed code will be removed when compiling to optimised byte code.,HIGH,LOW
autobahn-0.14.1/autobahn/wamp/auth.py,210,Unnecessary parens after 'assert' keyword,Category.C,superfluous-parens,Use of assert detected. The enclosed code will be removed when compiling to optimised byte code.,HIGH,LOW
autobahn-0.14.1/autobahn/wamp/auth.py,211,Unnecessary parens after 'assert' keyword,Category.C,superfluous-parens,Use of assert detected. The enclosed code will be removed when compiling to optimised byte code.,HIGH,LOW
autobahn-0.14.1/autobahn/wamp/auth.py,235,Unnecessary parens after 'assert' keyword,Category.C,superfluous-parens,Use of assert detected. The enclosed code will be removed when compiling to optimised byte code.,HIGH,LOW
autobahn-0.14.1/autobahn/wamp/auth.py,236,Unnecessary parens after 'assert' keyword,Category.C,superfluous-parens,Use of assert detected. The enclosed code will be removed when compiling to optimised byte code.,HIGH,LOW
autobahn-0.14.1/autobahn/wamp/auth.py,267,Unnecessary parens after 'assert' keyword,Category.C,superfluous-parens,Use of assert detected. The enclosed code will be removed when compiling to optimised byte code.,HIGH,LOW
autobahn-0.14.1/autobahn/wamp/auth.py,64,Using type() instead of isinstance() for a typecheck.,Category.C,unidiomatic-typecheck,Use of assert detected. The enclosed code will be removed when compiling to optimised byte code.,HIGH,LOW
autobahn-0.14.1/autobahn/wamp/auth.py,81,Using type() instead of isinstance() for a typecheck.,Category.C,unidiomatic-typecheck,Use of assert detected. The enclosed code will be removed when compiling to optimised byte code.,HIGH,LOW
autobahn-0.14.1/autobahn/wamp/auth.py,82,Using type() instead of isinstance() for a typecheck.,Category.C,unidiomatic-typecheck,Use of assert detected. The enclosed code will be removed when compiling to optimised byte code.,HIGH,LOW
autobahn-0.14.1/autobahn/wamp/auth.py,208,Using type() instead of isinstance() for a typecheck.,Category.C,unidiomatic-typecheck,Use of assert detected. The enclosed code will be removed when compiling to optimised byte code.,HIGH,LOW
autobahn-0.14.1/autobahn/wamp/auth.py,209,Using type() instead of isinstance() for a typecheck.,Category.C,unidiomatic-typecheck,Use of assert detected. The enclosed code will be removed when compiling to optimised byte code.,HIGH,LOW
autobahn-0.14.1/autobahn/wamp/auth.py,210,Using type() instead of isinstance() for a typecheck.,Category.C,unidiomatic-typecheck,Use of assert detected. The enclosed code will be removed when compiling to optimised byte code.,HIGH,LOW
autobahn-0.14.1/autobahn/wamp/auth.py,211,Using type() instead of isinstance() for a typecheck.,Category.C,unidiomatic-typecheck,Use of assert detected. The enclosed code will be removed when compiling to optimised byte code.,HIGH,LOW
autobahn-0.14.1/autobahn/wamp/auth.py,233,Using type() instead of isinstance() for a typecheck.,Category.C,unidiomatic-typecheck,Use of assert detected. The enclosed code will be removed when compiling to optimised byte code.,HIGH,LOW
autobahn-0.14.1/autobahn/wamp/auth.py,234,Using type() instead of isinstance() for a typecheck.,Category.C,unidiomatic-typecheck,Use of assert detected. The enclosed code will be removed when compiling to optimised byte code.,HIGH,LOW
autobahn-0.14.1/autobahn/wamp/auth.py,235,Using type() instead of isinstance() for a typecheck.,Category.C,unidiomatic-typecheck,Use of assert detected. The enclosed code will be removed when compiling to optimised byte code.,HIGH,LOW
autobahn-0.14.1/autobahn/wamp/auth.py,236,Using type() instead of isinstance() for a typecheck.,Category.C,unidiomatic-typecheck,Use of assert detected. The enclosed code will be removed when compiling to optimised byte code.,HIGH,LOW
autobahn-0.14.1/autobahn/wamp/auth.py,267,Using type() instead of isinstance() for a typecheck.,Category.C,unidiomatic-typecheck,Use of assert detected. The enclosed code will be removed when compiling to optimised byte code.,HIGH,LOW
autobahn-0.14.1/autobahn/wamp/auth.py,284,Using type() instead of isinstance() for a typecheck.,Category.C,unidiomatic-typecheck,Use of assert detected. The enclosed code will be removed when compiling to optimised byte code.,HIGH,LOW
autobahn-0.14.1/autobahn/wamp/auth.py,285,Using type() instead of isinstance() for a typecheck.,Category.C,unidiomatic-typecheck,Use of assert detected. The enclosed code will be removed when compiling to optimised byte code.,HIGH,LOW
autobahn-0.14.1/autobahn/wamp/message.py,292,Unnecessary parens after 'assert' keyword,Category.C,superfluous-parens,Use of assert detected. The enclosed code will be removed when compiling to optimised byte code.,HIGH,LOW
autobahn-0.14.1/autobahn/wamp/message.py,293,Unnecessary parens after 'assert' keyword,Category.C,superfluous-parens,Use of assert detected. The enclosed code will be removed when compiling to optimised byte code.,HIGH,LOW
autobahn-0.14.1/autobahn/wamp/message.py,296,Unnecessary parens after 'assert' keyword,Category.C,superfluous-parens,Use of assert detected. The enclosed code will be removed when compiling to optimised byte code.,HIGH,LOW
autobahn-0.14.1/autobahn/wamp/message.py,298,Unnecessary parens after 'assert' keyword,Category.C,superfluous-parens,Use of assert detected. The enclosed code will be removed when compiling to optimised byte code.,HIGH,LOW
autobahn-0.14.1/autobahn/wamp/message.py,300,Unnecessary parens after 'assert' keyword,Category.C,superfluous-parens,Use of assert detected. The enclosed code will be removed when compiling to optimised byte code.,HIGH,LOW
autobahn-0.14.1/autobahn/wamp/message.py,471,Unnecessary parens after 'assert' keyword,Category.C,superfluous-parens,Use of assert detected. The enclosed code will be removed when compiling to optimised byte code.,HIGH,LOW
autobahn-0.14.1/autobahn/wamp/message.py,472,Unnecessary parens after 'assert' keyword,Category.C,superfluous-parens,Use of assert detected. The enclosed code will be removed when compiling to optimised byte code.,HIGH,LOW
autobahn-0.14.1/autobahn/wamp/message.py,473,Unnecessary parens after 'assert' keyword,Category.C,superfluous-parens,Use of assert detected. The enclosed code will be removed when compiling to optimised byte code.,HIGH,LOW
autobahn-0.14.1/autobahn/wamp/message.py,476,Unnecessary parens after 'assert' keyword,Category.C,superfluous-parens,Use of assert detected. The enclosed code will be removed when compiling to optimised byte code.,HIGH,LOW
autobahn-0.14.1/autobahn/wamp/message.py,486,Unnecessary parens after 'assert' keyword,Category.C,superfluous-parens,Use of assert detected. The enclosed code will be removed when compiling to optimised byte code.,HIGH,LOW
autobahn-0.14.1/autobahn/wamp/message.py,629,Unnecessary parens after 'assert' keyword,Category.C,superfluous-parens,Use of assert detected. The enclosed code will be removed when compiling to optimised byte code.,HIGH,LOW
autobahn-0.14.1/autobahn/wamp/message.py,709,Unnecessary parens after 'assert' keyword,Category.C,superfluous-parens,Use of assert detected. The enclosed code will be removed when compiling to optimised byte code.,HIGH,LOW
autobahn-0.14.1/autobahn/wamp/message.py,778,Unnecessary parens after 'assert' keyword,Category.C,superfluous-parens,Use of assert detected. The enclosed code will be removed when compiling to optimised byte code.,HIGH,LOW
autobahn-0.14.1/autobahn/wamp/message.py,852,Unnecessary parens after 'assert' keyword,Category.C,superfluous-parens,Use of assert detected. The enclosed code will be removed when compiling to optimised byte code.,HIGH,LOW
autobahn-0.14.1/autobahn/wamp/message.py,954,Unnecessary parens after 'assert' keyword,Category.C,superfluous-parens,Use of assert detected. The enclosed code will be removed when compiling to optimised byte code.,HIGH,LOW
autobahn-0.14.1/autobahn/wamp/message.py,955,Unnecessary parens after 'assert' keyword,Category.C,superfluous-parens,Use of assert detected. The enclosed code will be removed when compiling to optimised byte code.,HIGH,LOW
autobahn-0.14.1/autobahn/wamp/message.py,956,Unnecessary parens after 'assert' keyword,Category.C,superfluous-parens,Use of assert detected. The enclosed code will be removed when compiling to optimised byte code.,HIGH,LOW
autobahn-0.14.1/autobahn/wamp/message.py,1160,Unnecessary parens after 'assert' keyword,Category.C,superfluous-parens,Use of assert detected. The enclosed code will be removed when compiling to optimised byte code.,HIGH,LOW
autobahn-0.14.1/autobahn/wamp/message.py,1161,Unnecessary parens after 'assert' keyword,Category.C,superfluous-parens,Use of assert detected. The enclosed code will be removed when compiling to optimised byte code.,HIGH,LOW
autobahn-0.14.1/autobahn/wamp/message.py,1174,Unnecessary parens after 'assert' keyword,Category.C,superfluous-parens,Use of assert detected. The enclosed code will be removed when compiling to optimised byte code.,HIGH,LOW
autobahn-0.14.1/autobahn/wamp/message.py,1179,Unnecessary parens after 'assert' keyword,Category.C,superfluous-parens,Use of assert detected. The enclosed code will be removed when compiling to optimised byte code.,HIGH,LOW
autobahn-0.14.1/autobahn/wamp/message.py,1184,Unnecessary parens after 'assert' keyword,Category.C,superfluous-parens,Use of assert detected. The enclosed code will be removed when compiling to optimised byte code.,HIGH,LOW
autobahn-0.14.1/autobahn/wamp/message.py,1189,Unnecessary parens after 'assert' keyword,Category.C,superfluous-parens,Use of assert detected. The enclosed code will be removed when compiling to optimised byte code.,HIGH,LOW
autobahn-0.14.1/autobahn/wamp/message.py,1194,Unnecessary parens after 'assert' keyword,Category.C,superfluous-parens,Use of assert detected. The enclosed code will be removed when compiling to optimised byte code.,HIGH,LOW
autobahn-0.14.1/autobahn/wamp/message.py,1199,Unnecessary parens after 'assert' keyword,Category.C,superfluous-parens,Use of assert detected. The enclosed code will be removed when compiling to optimised byte code.,HIGH,LOW
autobahn-0.14.1/autobahn/wamp/message.py,1204,Line too long (101/100),Category.C,line-too-long,Use of assert detected. The enclosed code will be removed when compiling to optimised byte code.,HIGH,LOW
autobahn-0.14.1/autobahn/wamp/message.py,1205,Line too long (131/100),Category.C,line-too-long,Use of assert detected. The enclosed code will be removed when compiling to optimised byte code.,HIGH,LOW
autobahn-0.14.1/autobahn/wamp/message.py,1471,Unnecessary parens after 'assert' keyword,Category.C,superfluous-parens,Use of assert detected. The enclosed code will be removed when compiling to optimised byte code.,HIGH,LOW
autobahn-0.14.1/autobahn/wamp/message.py,1472,Unnecessary parens after 'assert' keyword,Category.C,superfluous-parens,Use of assert detected. The enclosed code will be removed when compiling to optimised byte code.,HIGH,LOW
autobahn-0.14.1/autobahn/wamp/message.py,1543,Unnecessary parens after 'assert' keyword,Category.C,superfluous-parens,Use of assert detected. The enclosed code will be removed when compiling to optimised byte code.,HIGH,LOW
autobahn-0.14.1/autobahn/wamp/message.py,1544,Unnecessary parens after 'assert' keyword,Category.C,superfluous-parens,Use of assert detected. The enclosed code will be removed when compiling to optimised byte code.,HIGH,LOW
autobahn-0.14.1/autobahn/wamp/message.py,1546,Line too long (115/100),Category.C,line-too-long,Use of assert detected. The enclosed code will be removed when compiling to optimised byte code.,HIGH,LOW
autobahn-0.14.1/autobahn/wamp/message.py,1631,Unnecessary parens after 'assert' keyword,Category.C,superfluous-parens,Use of assert detected. The enclosed code will be removed when compiling to optimised byte code.,HIGH,LOW
autobahn-0.14.1/autobahn/wamp/message.py,1632,Unnecessary parens after 'assert' keyword,Category.C,superfluous-parens,Use of assert detected. The enclosed code will be removed when compiling to optimised byte code.,HIGH,LOW
autobahn-0.14.1/autobahn/wamp/message.py,1697,Unnecessary parens after 'assert' keyword,Category.C,superfluous-parens,Use of assert detected. The enclosed code will be removed when compiling to optimised byte code.,HIGH,LOW
autobahn-0.14.1/autobahn/wamp/message.py,1698,Unnecessary parens after 'assert' keyword,Category.C,superfluous-parens,Use of assert detected. The enclosed code will be removed when compiling to optimised byte code.,HIGH,LOW
autobahn-0.14.1/autobahn/wamp/message.py,1770,Unnecessary parens after 'assert' keyword,Category.C,superfluous-parens,Use of assert detected. The enclosed code will be removed when compiling to optimised byte code.,HIGH,LOW
autobahn-0.14.1/autobahn/wamp/message.py,1891,Unnecessary parens after 'assert' keyword,Category.C,superfluous-parens,Use of assert detected. The enclosed code will be removed when compiling to optimised byte code.,HIGH,LOW
autobahn-0.14.1/autobahn/wamp/message.py,1892,Unnecessary parens after 'assert' keyword,Category.C,superfluous-parens,Use of assert detected. The enclosed code will be removed when compiling to optimised byte code.,HIGH,LOW
autobahn-0.14.1/autobahn/wamp/message.py,1905,Line too long (101/100),Category.C,line-too-long,Use of assert detected. The enclosed code will be removed when compiling to optimised byte code.,HIGH,LOW
autobahn-0.14.1/autobahn/wamp/message.py,1906,Line too long (131/100),Category.C,line-too-long,Use of assert detected. The enclosed code will be removed when compiling to optimised byte code.,HIGH,LOW
autobahn-0.14.1/autobahn/wamp/message.py,2128,Unnecessary parens after 'assert' keyword,Category.C,superfluous-parens,Use of assert detected. The enclosed code will be removed when compiling to optimised byte code.,HIGH,LOW
autobahn-0.14.1/autobahn/wamp/message.py,2129,Unnecessary parens after 'assert' keyword,Category.C,superfluous-parens,Use of assert detected. The enclosed code will be removed when compiling to optimised byte code.,HIGH,LOW
autobahn-0.14.1/autobahn/wamp/message.py,2140,Line too long (101/100),Category.C,line-too-long,Use of assert detected. The enclosed code will be removed when compiling to optimised byte code.,HIGH,LOW
autobahn-0.14.1/autobahn/wamp/message.py,2141,Line too long (131/100),Category.C,line-too-long,Use of assert detected. The enclosed code will be removed when compiling to optimised byte code.,HIGH,LOW
autobahn-0.14.1/autobahn/wamp/message.py,2308,Unnecessary parens after 'assert' keyword,Category.C,superfluous-parens,Use of assert detected. The enclosed code will be removed when compiling to optimised byte code.,HIGH,LOW
autobahn-0.14.1/autobahn/wamp/message.py,2416,Unnecessary parens after 'assert' keyword,Category.C,superfluous-parens,Use of assert detected. The enclosed code will be removed when compiling to optimised byte code.,HIGH,LOW
autobahn-0.14.1/autobahn/wamp/message.py,2426,Line too long (101/100),Category.C,line-too-long,Use of assert detected. The enclosed code will be removed when compiling to optimised byte code.,HIGH,LOW
autobahn-0.14.1/autobahn/wamp/message.py,2427,Line too long (131/100),Category.C,line-too-long,Use of assert detected. The enclosed code will be removed when compiling to optimised byte code.,HIGH,LOW
autobahn-0.14.1/autobahn/wamp/message.py,2585,Unnecessary parens after 'assert' keyword,Category.C,superfluous-parens,Use of assert detected. The enclosed code will be removed when compiling to optimised byte code.,HIGH,LOW
autobahn-0.14.1/autobahn/wamp/message.py,2586,Unnecessary parens after 'assert' keyword,Category.C,superfluous-parens,Use of assert detected. The enclosed code will be removed when compiling to optimised byte code.,HIGH,LOW
autobahn-0.14.1/autobahn/wamp/message.py,2588,Line too long (112/100),Category.C,line-too-long,Use of assert detected. The enclosed code will be removed when compiling to optimised byte code.,HIGH,LOW
autobahn-0.14.1/autobahn/wamp/message.py,2590,Line too long (165/100),Category.C,line-too-long,Use of assert detected. The enclosed code will be removed when compiling to optimised byte code.,HIGH,LOW
autobahn-0.14.1/autobahn/wamp/message.py,2707,Unnecessary parens after 'assert' keyword,Category.C,superfluous-parens,Use of assert detected. The enclosed code will be removed when compiling to optimised byte code.,HIGH,LOW
autobahn-0.14.1/autobahn/wamp/message.py,2708,Unnecessary parens after 'assert' keyword,Category.C,superfluous-parens,Use of assert detected. The enclosed code will be removed when compiling to optimised byte code.,HIGH,LOW
autobahn-0.14.1/autobahn/wamp/message.py,2773,Unnecessary parens after 'assert' keyword,Category.C,superfluous-parens,Use of assert detected. The enclosed code will be removed when compiling to optimised byte code.,HIGH,LOW
autobahn-0.14.1/autobahn/wamp/message.py,2774,Unnecessary parens after 'assert' keyword,Category.C,superfluous-parens,Use of assert detected. The enclosed code will be removed when compiling to optimised byte code.,HIGH,LOW
autobahn-0.14.1/autobahn/wamp/message.py,2845,Unnecessary parens after 'assert' keyword,Category.C,superfluous-parens,Use of assert detected. The enclosed code will be removed when compiling to optimised byte code.,HIGH,LOW
autobahn-0.14.1/autobahn/wamp/message.py,2983,Unnecessary parens after 'assert' keyword,Category.C,superfluous-parens,Use of assert detected. The enclosed code will be removed when compiling to optimised byte code.,HIGH,LOW
autobahn-0.14.1/autobahn/wamp/message.py,2984,Unnecessary parens after 'assert' keyword,Category.C,superfluous-parens,Use of assert detected. The enclosed code will be removed when compiling to optimised byte code.,HIGH,LOW
autobahn-0.14.1/autobahn/wamp/message.py,2999,Line too long (101/100),Category.C,line-too-long,Use of assert detected. The enclosed code will be removed when compiling to optimised byte code.,HIGH,LOW
autobahn-0.14.1/autobahn/wamp/message.py,3000,Line too long (131/100),Category.C,line-too-long,Use of assert detected. The enclosed code will be removed when compiling to optimised byte code.,HIGH,LOW
autobahn-0.14.1/autobahn/wamp/message.py,3222,Unnecessary parens after 'assert' keyword,Category.C,superfluous-parens,Use of assert detected. The enclosed code will be removed when compiling to optimised byte code.,HIGH,LOW
autobahn-0.14.1/autobahn/wamp/message.py,3330,Unnecessary parens after 'assert' keyword,Category.C,superfluous-parens,Use of assert detected. The enclosed code will be removed when compiling to optimised byte code.,HIGH,LOW
autobahn-0.14.1/autobahn/wamp/message.py,3340,Line too long (101/100),Category.C,line-too-long,Use of assert detected. The enclosed code will be removed when compiling to optimised byte code.,HIGH,LOW
autobahn-0.14.1/autobahn/wamp/message.py,3341,Line too long (131/100),Category.C,line-too-long,Use of assert detected. The enclosed code will be removed when compiling to optimised byte code.,HIGH,LOW
autobahn-0.14.1/autobahn/wamp/message.py,291,Using type() instead of isinstance() for a typecheck.,Category.C,unidiomatic-typecheck,Use of assert detected. The enclosed code will be removed when compiling to optimised byte code.,HIGH,LOW
autobahn-0.14.1/autobahn/wamp/message.py,292,Using type() instead of isinstance() for a typecheck.,Category.C,unidiomatic-typecheck,Use of assert detected. The enclosed code will be removed when compiling to optimised byte code.,HIGH,LOW
autobahn-0.14.1/autobahn/wamp/message.py,293,Do not use `len(SEQUENCE)` to determine if a sequence is empty,Category.C,len-as-condition,Use of assert detected. The enclosed code will be removed when compiling to optimised byte code.,HIGH,LOW
autobahn-0.14.1/autobahn/wamp/message.py,298,Using type() instead of isinstance() for a typecheck.,Category.C,unidiomatic-typecheck,Use of assert detected. The enclosed code will be removed when compiling to optimised byte code.,HIGH,LOW
autobahn-0.14.1/autobahn/wamp/message.py,300,Using type() instead of isinstance() for a typecheck.,Category.C,unidiomatic-typecheck,Use of assert detected. The enclosed code will be removed when compiling to optimised byte code.,HIGH,LOW
autobahn-0.14.1/autobahn/wamp/message.py,301,Using type() instead of isinstance() for a typecheck.,Category.C,unidiomatic-typecheck,Use of assert detected. The enclosed code will be removed when compiling to optimised byte code.,HIGH,LOW
autobahn-0.14.1/autobahn/wamp/message.py,302,Using type() instead of isinstance() for a typecheck.,Category.C,unidiomatic-typecheck,Use of assert detected. The enclosed code will be removed when compiling to optimised byte code.,HIGH,LOW
autobahn-0.14.1/autobahn/wamp/message.py,303,Using type() instead of isinstance() for a typecheck.,Category.C,unidiomatic-typecheck,Use of assert detected. The enclosed code will be removed when compiling to optimised byte code.,HIGH,LOW
autobahn-0.14.1/autobahn/wamp/message.py,325,Do not use `len(SEQUENCE)` to determine if a sequence is empty,Category.C,len-as-condition,Use of assert detected. The enclosed code will be removed when compiling to optimised byte code.,HIGH,LOW
autobahn-0.14.1/autobahn/wamp/message.py,471,Using type() instead of isinstance() for a typecheck.,Category.C,unidiomatic-typecheck,Use of assert detected. The enclosed code will be removed when compiling to optimised byte code.,HIGH,LOW
autobahn-0.14.1/autobahn/wamp/message.py,472,Using type() instead of isinstance() for a typecheck.,Category.C,unidiomatic-typecheck,Use of assert detected. The enclosed code will be removed when compiling to optimised byte code.,HIGH,LOW
autobahn-0.14.1/autobahn/wamp/message.py,473,Do not use `len(SEQUENCE)` to determine if a sequence is empty,Category.C,len-as-condition,Use of assert detected. The enclosed code will be removed when compiling to optimised byte code.,HIGH,LOW
autobahn-0.14.1/autobahn/wamp/message.py,477,Using type() instead of isinstance() for a typecheck.,Category.C,unidiomatic-typecheck,Use of assert detected. The enclosed code will be removed when compiling to optimised byte code.,HIGH,LOW
autobahn-0.14.1/autobahn/wamp/message.py,478,Using type() instead of isinstance() for a typecheck.,Category.C,unidiomatic-typecheck,Use of assert detected. The enclosed code will be removed when compiling to optimised byte code.,HIGH,LOW
autobahn-0.14.1/autobahn/wamp/message.py,479,Using type() instead of isinstance() for a typecheck.,Category.C,unidiomatic-typecheck,Use of assert detected. The enclosed code will be removed when compiling to optimised byte code.,HIGH,LOW
autobahn-0.14.1/autobahn/wamp/message.py,480,Using type() instead of isinstance() for a typecheck.,Category.C,unidiomatic-typecheck,Use of assert detected. The enclosed code will be removed when compiling to optimised byte code.,HIGH,LOW
autobahn-0.14.1/autobahn/wamp/message.py,481,Using type() instead of isinstance() for a typecheck.,Category.C,unidiomatic-typecheck,Use of assert detected. The enclosed code will be removed when compiling to optimised byte code.,HIGH,LOW
autobahn-0.14.1/autobahn/wamp/message.py,482,Using type() instead of isinstance() for a typecheck.,Category.C,unidiomatic-typecheck,Use of assert detected. The enclosed code will be removed when compiling to optimised byte code.,HIGH,LOW
autobahn-0.14.1/autobahn/wamp/message.py,483,Using type() instead of isinstance() for a typecheck.,Category.C,unidiomatic-typecheck,Use of assert detected. The enclosed code will be removed when compiling to optimised byte code.,HIGH,LOW
autobahn-0.14.1/autobahn/wamp/message.py,511,Do not use `len(SEQUENCE)` to determine if a sequence is empty,Category.C,len-as-condition,Use of assert detected. The enclosed code will be removed when compiling to optimised byte code.,HIGH,LOW
autobahn-0.14.1/autobahn/wamp/message.py,629,Using type() instead of isinstance() for a typecheck.,Category.C,unidiomatic-typecheck,Use of assert detected. The enclosed code will be removed when compiling to optimised byte code.,HIGH,LOW
autobahn-0.14.1/autobahn/wamp/message.py,630,Using type() instead of isinstance() for a typecheck.,Category.C,unidiomatic-typecheck,Use of assert detected. The enclosed code will be removed when compiling to optimised byte code.,HIGH,LOW
autobahn-0.14.1/autobahn/wamp/message.py,648,Do not use `len(SEQUENCE)` to determine if a sequence is empty,Category.C,len-as-condition,Use of assert detected. The enclosed code will be removed when compiling to optimised byte code.,HIGH,LOW
autobahn-0.14.1/autobahn/wamp/message.py,709,Using type() instead of isinstance() for a typecheck.,Category.C,unidiomatic-typecheck,Use of assert detected. The enclosed code will be removed when compiling to optimised byte code.,HIGH,LOW
autobahn-0.14.1/autobahn/wamp/message.py,710,Using type() instead of isinstance() for a typecheck.,Category.C,unidiomatic-typecheck,Use of assert detected. The enclosed code will be removed when compiling to optimised byte code.,HIGH,LOW
autobahn-0.14.1/autobahn/wamp/message.py,728,Do not use `len(SEQUENCE)` to determine if a sequence is empty,Category.C,len-as-condition,Use of assert detected. The enclosed code will be removed when compiling to optimised byte code.,HIGH,LOW
autobahn-0.14.1/autobahn/wamp/message.py,778,Using type() instead of isinstance() for a typecheck.,Category.C,unidiomatic-typecheck,Use of assert detected. The enclosed code will be removed when compiling to optimised byte code.,HIGH,LOW
autobahn-0.14.1/autobahn/wamp/message.py,779,Using type() instead of isinstance() for a typecheck.,Category.C,unidiomatic-typecheck,Use of assert detected. The enclosed code will be removed when compiling to optimised byte code.,HIGH,LOW
autobahn-0.14.1/autobahn/wamp/message.py,797,Do not use `len(SEQUENCE)` to determine if a sequence is empty,Category.C,len-as-condition,Use of assert detected. The enclosed code will be removed when compiling to optimised byte code.,HIGH,LOW
autobahn-0.14.1/autobahn/wamp/message.py,852,Using type() instead of isinstance() for a typecheck.,Category.C,unidiomatic-typecheck,Use of assert detected. The enclosed code will be removed when compiling to optimised byte code.,HIGH,LOW
autobahn-0.14.1/autobahn/wamp/message.py,853,Using type() instead of isinstance() for a typecheck.,Category.C,unidiomatic-typecheck,Use of assert detected. The enclosed code will be removed when compiling to optimised byte code.,HIGH,LOW
autobahn-0.14.1/autobahn/wamp/message.py,871,Do not use `len(SEQUENCE)` to determine if a sequence is empty,Category.C,len-as-condition,Use of assert detected. The enclosed code will be removed when compiling to optimised byte code.,HIGH,LOW
autobahn-0.14.1/autobahn/wamp/message.py,954,Using type() instead of isinstance() for a typecheck.,Category.C,unidiomatic-typecheck,Use of assert detected. The enclosed code will be removed when compiling to optimised byte code.,HIGH,LOW
autobahn-0.14.1/autobahn/wamp/message.py,955,Using type() instead of isinstance() for a typecheck.,Category.C,unidiomatic-typecheck,Use of assert detected. The enclosed code will be removed when compiling to optimised byte code.,HIGH,LOW
autobahn-0.14.1/autobahn/wamp/message.py,956,Using type() instead of isinstance() for a typecheck.,Category.C,unidiomatic-typecheck,Use of assert detected. The enclosed code will be removed when compiling to optimised byte code.,HIGH,LOW
autobahn-0.14.1/autobahn/wamp/message.py,957,Using type() instead of isinstance() for a typecheck.,Category.C,unidiomatic-typecheck,Use of assert detected. The enclosed code will be removed when compiling to optimised byte code.,HIGH,LOW
autobahn-0.14.1/autobahn/wamp/message.py,958,Using type() instead of isinstance() for a typecheck.,Category.C,unidiomatic-typecheck,Use of assert detected. The enclosed code will be removed when compiling to optimised byte code.,HIGH,LOW
autobahn-0.14.1/autobahn/wamp/message.py,959,Using type() instead of isinstance() for a typecheck.,Category.C,unidiomatic-typecheck,Use of assert detected. The enclosed code will be removed when compiling to optimised byte code.,HIGH,LOW
autobahn-0.14.1/autobahn/wamp/message.py,987,Do not use `len(SEQUENCE)` to determine if a sequence is empty,Category.C,len-as-condition,Use of assert detected. The enclosed code will be removed when compiling to optimised byte code.,HIGH,LOW
autobahn-0.14.1/autobahn/wamp/message.py,1160,Using type() instead of isinstance() for a typecheck.,Category.C,unidiomatic-typecheck,Use of assert detected. The enclosed code will be removed when compiling to optimised byte code.,HIGH,LOW
autobahn-0.14.1/autobahn/wamp/message.py,1161,Using type() instead of isinstance() for a typecheck.,Category.C,unidiomatic-typecheck,Use of assert detected. The enclosed code will be removed when compiling to optimised byte code.,HIGH,LOW
autobahn-0.14.1/autobahn/wamp/message.py,1162,Using type() instead of isinstance() for a typecheck.,Category.C,unidiomatic-typecheck,Use of assert detected. The enclosed code will be removed when compiling to optimised byte code.,HIGH,LOW
autobahn-0.14.1/autobahn/wamp/message.py,1163,Using type() instead of isinstance() for a typecheck.,Category.C,unidiomatic-typecheck,Use of assert detected. The enclosed code will be removed when compiling to optimised byte code.,HIGH,LOW
autobahn-0.14.1/autobahn/wamp/message.py,1164,Using type() instead of isinstance() for a typecheck.,Category.C,unidiomatic-typecheck,Use of assert detected. The enclosed code will be removed when compiling to optimised byte code.,HIGH,LOW
autobahn-0.14.1/autobahn/wamp/message.py,1166,Using type() instead of isinstance() for a typecheck.,Category.C,unidiomatic-typecheck,Use of assert detected. The enclosed code will be removed when compiling to optimised byte code.,HIGH,LOW
autobahn-0.14.1/autobahn/wamp/message.py,1169,Using type() instead of isinstance() for a typecheck.,Category.C,unidiomatic-typecheck,Use of assert detected. The enclosed code will be removed when compiling to optimised byte code.,HIGH,LOW
autobahn-0.14.1/autobahn/wamp/message.py,1171,Using type() instead of isinstance() for a typecheck.,Category.C,unidiomatic-typecheck,Use of assert detected. The enclosed code will be removed when compiling to optimised byte code.,HIGH,LOW
autobahn-0.14.1/autobahn/wamp/message.py,1174,Using type() instead of isinstance() for a typecheck.,Category.C,unidiomatic-typecheck,Use of assert detected. The enclosed code will be removed when compiling to optimised byte code.,HIGH,LOW
autobahn-0.14.1/autobahn/wamp/message.py,1176,Using type() instead of isinstance() for a typecheck.,Category.C,unidiomatic-typecheck,Use of assert detected. The enclosed code will be removed when compiling to optimised byte code.,HIGH,LOW
autobahn-0.14.1/autobahn/wamp/message.py,1179,Using type() instead of isinstance() for a typecheck.,Category.C,unidiomatic-typecheck,Use of assert detected. The enclosed code will be removed when compiling to optimised byte code.,HIGH,LOW
autobahn-0.14.1/autobahn/wamp/message.py,1181,Using type() instead of isinstance() for a typecheck.,Category.C,unidiomatic-typecheck,Use of assert detected. The enclosed code will be removed when compiling to optimised byte code.,HIGH,LOW
autobahn-0.14.1/autobahn/wamp/message.py,1184,Using type() instead of isinstance() for a typecheck.,Category.C,unidiomatic-typecheck,Use of assert detected. The enclosed code will be removed when compiling to optimised byte code.,HIGH,LOW
autobahn-0.14.1/autobahn/wamp/message.py,1186,Using type() instead of isinstance() for a typecheck.,Category.C,unidiomatic-typecheck,Use of assert detected. The enclosed code will be removed when compiling to optimised byte code.,HIGH,LOW
autobahn-0.14.1/autobahn/wamp/message.py,1189,Using type() instead of isinstance() for a typecheck.,Category.C,unidiomatic-typecheck,Use of assert detected. The enclosed code will be removed when compiling to optimised byte code.,HIGH,LOW
autobahn-0.14.1/autobahn/wamp/message.py,1191,Using type() instead of isinstance() for a typecheck.,Category.C,unidiomatic-typecheck,Use of assert detected. The enclosed code will be removed when compiling to optimised byte code.,HIGH,LOW
autobahn-0.14.1/autobahn/wamp/message.py,1194,Using type() instead of isinstance() for a typecheck.,Category.C,unidiomatic-typecheck,Use of assert detected. The enclosed code will be removed when compiling to optimised byte code.,HIGH,LOW
autobahn-0.14.1/autobahn/wamp/message.py,1196,Using type() instead of isinstance() for a typecheck.,Category.C,unidiomatic-typecheck,Use of assert detected. The enclosed code will be removed when compiling to optimised byte code.,HIGH,LOW
autobahn-0.14.1/autobahn/wamp/message.py,1199,Using type() instead of isinstance() for a typecheck.,Category.C,unidiomatic-typecheck,Use of assert detected. The enclosed code will be removed when compiling to optimised byte code.,HIGH,LOW
autobahn-0.14.1/autobahn/wamp/message.py,1203,Using type() instead of isinstance() for a typecheck.,Category.C,unidiomatic-typecheck,Use of assert detected. The enclosed code will be removed when compiling to optimised byte code.,HIGH,LOW
autobahn-0.14.1/autobahn/wamp/message.py,1241,Do not use `len(SEQUENCE)` to determine if a sequence is empty,Category.C,len-as-condition,Use of assert detected. The enclosed code will be removed when compiling to optimised byte code.,HIGH,LOW
autobahn-0.14.1/autobahn/wamp/message.py,1471,Using type() instead of isinstance() for a typecheck.,Category.C,unidiomatic-typecheck,Use of assert detected. The enclosed code will be removed when compiling to optimised byte code.,HIGH,LOW
autobahn-0.14.1/autobahn/wamp/message.py,1472,Using type() instead of isinstance() for a typecheck.,Category.C,unidiomatic-typecheck,Use of assert detected. The enclosed code will be removed when compiling to optimised byte code.,HIGH,LOW
autobahn-0.14.1/autobahn/wamp/message.py,1490,Do not use `len(SEQUENCE)` to determine if a sequence is empty,Category.C,len-as-condition,Use of assert detected. The enclosed code will be removed when compiling to optimised byte code.,HIGH,LOW
autobahn-0.14.1/autobahn/wamp/message.py,1543,Using type() instead of isinstance() for a typecheck.,Category.C,unidiomatic-typecheck,Use of assert detected. The enclosed code will be removed when compiling to optimised byte code.,HIGH,LOW
autobahn-0.14.1/autobahn/wamp/message.py,1544,Using type() instead of isinstance() for a typecheck.,Category.C,unidiomatic-typecheck,Use of assert detected. The enclosed code will be removed when compiling to optimised byte code.,HIGH,LOW
autobahn-0.14.1/autobahn/wamp/message.py,1545,Using type() instead of isinstance() for a typecheck.,Category.C,unidiomatic-typecheck,Use of assert detected. The enclosed code will be removed when compiling to optimised byte code.,HIGH,LOW
autobahn-0.14.1/autobahn/wamp/message.py,1565,Do not use `len(SEQUENCE)` to determine if a sequence is empty,Category.C,len-as-condition,Use of assert detected. The enclosed code will be removed when compiling to optimised byte code.,HIGH,LOW
autobahn-0.14.1/autobahn/wamp/message.py,1631,Using type() instead of isinstance() for a typecheck.,Category.C,unidiomatic-typecheck,Use of assert detected. The enclosed code will be removed when compiling to optimised byte code.,HIGH,LOW
autobahn-0.14.1/autobahn/wamp/message.py,1632,Using type() instead of isinstance() for a typecheck.,Category.C,unidiomatic-typecheck,Use of assert detected. The enclosed code will be removed when compiling to optimised byte code.,HIGH,LOW
autobahn-0.14.1/autobahn/wamp/message.py,1650,Do not use `len(SEQUENCE)` to determine if a sequence is empty,Category.C,len-as-condition,Use of assert detected. The enclosed code will be removed when compiling to optimised byte code.,HIGH,LOW
autobahn-0.14.1/autobahn/wamp/message.py,1697,Using type() instead of isinstance() for a typecheck.,Category.C,unidiomatic-typecheck,Use of assert detected. The enclosed code will be removed when compiling to optimised byte code.,HIGH,LOW
autobahn-0.14.1/autobahn/wamp/message.py,1698,Using type() instead of isinstance() for a typecheck.,Category.C,unidiomatic-typecheck,Use of assert detected. The enclosed code will be removed when compiling to optimised byte code.,HIGH,LOW
autobahn-0.14.1/autobahn/wamp/message.py,1716,Do not use `len(SEQUENCE)` to determine if a sequence is empty,Category.C,len-as-condition,Use of assert detected. The enclosed code will be removed when compiling to optimised byte code.,HIGH,LOW
autobahn-0.14.1/autobahn/wamp/message.py,1770,Using type() instead of isinstance() for a typecheck.,Category.C,unidiomatic-typecheck,Use of assert detected. The enclosed code will be removed when compiling to optimised byte code.,HIGH,LOW
autobahn-0.14.1/autobahn/wamp/message.py,1771,Using type() instead of isinstance() for a typecheck.,Category.C,unidiomatic-typecheck,Use of assert detected. The enclosed code will be removed when compiling to optimised byte code.,HIGH,LOW
autobahn-0.14.1/autobahn/wamp/message.py,1772,Using type() instead of isinstance() for a typecheck.,Category.C,unidiomatic-typecheck,Use of assert detected. The enclosed code will be removed when compiling to optimised byte code.,HIGH,LOW
autobahn-0.14.1/autobahn/wamp/message.py,1792,Do not use `len(SEQUENCE)` to determine if a sequence is empty,Category.C,len-as-condition,Use of assert detected. The enclosed code will be removed when compiling to optimised byte code.,HIGH,LOW
autobahn-0.14.1/autobahn/wamp/message.py,1891,Using type() instead of isinstance() for a typecheck.,Category.C,unidiomatic-typecheck,Use of assert detected. The enclosed code will be removed when compiling to optimised byte code.,HIGH,LOW
autobahn-0.14.1/autobahn/wamp/message.py,1892,Using type() instead of isinstance() for a typecheck.,Category.C,unidiomatic-typecheck,Use of assert detected. The enclosed code will be removed when compiling to optimised byte code.,HIGH,LOW
autobahn-0.14.1/autobahn/wamp/message.py,1893,Using type() instead of isinstance() for a typecheck.,Category.C,unidiomatic-typecheck,Use of assert detected. The enclosed code will be removed when compiling to optimised byte code.,HIGH,LOW
autobahn-0.14.1/autobahn/wamp/message.py,1894,Using type() instead of isinstance() for a typecheck.,Category.C,unidiomatic-typecheck,Use of assert detected. The enclosed code will be removed when compiling to optimised byte code.,HIGH,LOW
autobahn-0.14.1/autobahn/wamp/message.py,1895,Using type() instead of isinstance() for a typecheck.,Category.C,unidiomatic-typecheck,Use of assert detected. The enclosed code will be removed when compiling to optimised byte code.,HIGH,LOW
autobahn-0.14.1/autobahn/wamp/message.py,1897,Using type() instead of isinstance() for a typecheck.,Category.C,unidiomatic-typecheck,Use of assert detected. The enclosed code will be removed when compiling to optimised byte code.,HIGH,LOW
autobahn-0.14.1/autobahn/wamp/message.py,1898,Using type() instead of isinstance() for a typecheck.,Category.C,unidiomatic-typecheck,Use of assert detected. The enclosed code will be removed when compiling to optimised byte code.,HIGH,LOW
autobahn-0.14.1/autobahn/wamp/message.py,1899,Using type() instead of isinstance() for a typecheck.,Category.C,unidiomatic-typecheck,Use of assert detected. The enclosed code will be removed when compiling to optimised byte code.,HIGH,LOW
autobahn-0.14.1/autobahn/wamp/message.py,1900,Using type() instead of isinstance() for a typecheck.,Category.C,unidiomatic-typecheck,Use of assert detected. The enclosed code will be removed when compiling to optimised byte code.,HIGH,LOW
autobahn-0.14.1/autobahn/wamp/message.py,1904,Using type() instead of isinstance() for a typecheck.,Category.C,unidiomatic-typecheck,Use of assert detected. The enclosed code will be removed when compiling to optimised byte code.,HIGH,LOW
autobahn-0.14.1/autobahn/wamp/message.py,1936,Do not use `len(SEQUENCE)` to determine if a sequence is empty,Category.C,len-as-condition,Use of assert detected. The enclosed code will be removed when compiling to optimised byte code.,HIGH,LOW
autobahn-0.14.1/autobahn/wamp/message.py,2128,Using type() instead of isinstance() for a typecheck.,Category.C,unidiomatic-typecheck,Use of assert detected. The enclosed code will be removed when compiling to optimised byte code.,HIGH,LOW
autobahn-0.14.1/autobahn/wamp/message.py,2129,Using type() instead of isinstance() for a typecheck.,Category.C,unidiomatic-typecheck,Use of assert detected. The enclosed code will be removed when compiling to optimised byte code.,HIGH,LOW
autobahn-0.14.1/autobahn/wamp/message.py,2130,Using type() instead of isinstance() for a typecheck.,Category.C,unidiomatic-typecheck,Use of assert detected. The enclosed code will be removed when compiling to optimised byte code.,HIGH,LOW
autobahn-0.14.1/autobahn/wamp/message.py,2131,Using type() instead of isinstance() for a typecheck.,Category.C,unidiomatic-typecheck,Use of assert detected. The enclosed code will be removed when compiling to optimised byte code.,HIGH,LOW
autobahn-0.14.1/autobahn/wamp/message.py,2132,Using type() instead of isinstance() for a typecheck.,Category.C,unidiomatic-typecheck,Use of assert detected. The enclosed code will be removed when compiling to optimised byte code.,HIGH,LOW
autobahn-0.14.1/autobahn/wamp/message.py,2134,Using type() instead of isinstance() for a typecheck.,Category.C,unidiomatic-typecheck,Use of assert detected. The enclosed code will be removed when compiling to optimised byte code.,HIGH,LOW
autobahn-0.14.1/autobahn/wamp/message.py,2135,Using type() instead of isinstance() for a typecheck.,Category.C,unidiomatic-typecheck,Use of assert detected. The enclosed code will be removed when compiling to optimised byte code.,HIGH,LOW
autobahn-0.14.1/autobahn/wamp/message.py,2139,Using type() instead of isinstance() for a typecheck.,Category.C,unidiomatic-typecheck,Use of assert detected. The enclosed code will be removed when compiling to optimised byte code.,HIGH,LOW
autobahn-0.14.1/autobahn/wamp/message.py,2169,Do not use `len(SEQUENCE)` to determine if a sequence is empty,Category.C,len-as-condition,Use of assert detected. The enclosed code will be removed when compiling to optimised byte code.,HIGH,LOW
autobahn-0.14.1/autobahn/wamp/message.py,2308,Using type() instead of isinstance() for a typecheck.,Category.C,unidiomatic-typecheck,Use of assert detected. The enclosed code will be removed when compiling to optimised byte code.,HIGH,LOW
autobahn-0.14.1/autobahn/wamp/message.py,2309,Using type() instead of isinstance() for a typecheck.,Category.C,unidiomatic-typecheck,Use of assert detected. The enclosed code will be removed when compiling to optimised byte code.,HIGH,LOW
autobahn-0.14.1/autobahn/wamp/message.py,2328,Do not use `len(SEQUENCE)` to determine if a sequence is empty,Category.C,len-as-condition,Use of assert detected. The enclosed code will be removed when compiling to optimised byte code.,HIGH,LOW
autobahn-0.14.1/autobahn/wamp/message.py,2416,Using type() instead of isinstance() for a typecheck.,Category.C,unidiomatic-typecheck,Use of assert detected. The enclosed code will be removed when compiling to optimised byte code.,HIGH,LOW
autobahn-0.14.1/autobahn/wamp/message.py,2417,Using type() instead of isinstance() for a typecheck.,Category.C,unidiomatic-typecheck,Use of assert detected. The enclosed code will be removed when compiling to optimised byte code.,HIGH,LOW
autobahn-0.14.1/autobahn/wamp/message.py,2418,Using type() instead of isinstance() for a typecheck.,Category.C,unidiomatic-typecheck,Use of assert detected. The enclosed code will be removed when compiling to optimised byte code.,HIGH,LOW
autobahn-0.14.1/autobahn/wamp/message.py,2419,Using type() instead of isinstance() for a typecheck.,Category.C,unidiomatic-typecheck,Use of assert detected. The enclosed code will be removed when compiling to optimised byte code.,HIGH,LOW
autobahn-0.14.1/autobahn/wamp/message.py,2421,Using type() instead of isinstance() for a typecheck.,Category.C,unidiomatic-typecheck,Use of assert detected. The enclosed code will be removed when compiling to optimised byte code.,HIGH,LOW
autobahn-0.14.1/autobahn/wamp/message.py,2425,Using type() instead of isinstance() for a typecheck.,Category.C,unidiomatic-typecheck,Use of assert detected. The enclosed code will be removed when compiling to optimised byte code.,HIGH,LOW
autobahn-0.14.1/autobahn/wamp/message.py,2453,Do not use `len(SEQUENCE)` to determine if a sequence is empty,Category.C,len-as-condition,Use of assert detected. The enclosed code will be removed when compiling to optimised byte code.,HIGH,LOW
autobahn-0.14.1/autobahn/wamp/message.py,2585,Using type() instead of isinstance() for a typecheck.,Category.C,unidiomatic-typecheck,Use of assert detected. The enclosed code will be removed when compiling to optimised byte code.,HIGH,LOW
autobahn-0.14.1/autobahn/wamp/message.py,2586,Using type() instead of isinstance() for a typecheck.,Category.C,unidiomatic-typecheck,Use of assert detected. The enclosed code will be removed when compiling to optimised byte code.,HIGH,LOW
autobahn-0.14.1/autobahn/wamp/message.py,2587,Using type() instead of isinstance() for a typecheck.,Category.C,unidiomatic-typecheck,Use of assert detected. The enclosed code will be removed when compiling to optimised byte code.,HIGH,LOW
autobahn-0.14.1/autobahn/wamp/message.py,2589,Using type() instead of isinstance() for a typecheck.,Category.C,unidiomatic-typecheck,Use of assert detected. The enclosed code will be removed when compiling to optimised byte code.,HIGH,LOW
autobahn-0.14.1/autobahn/wamp/message.py,2610,Do not use `len(SEQUENCE)` to determine if a sequence is empty,Category.C,len-as-condition,Use of assert detected. The enclosed code will be removed when compiling to optimised byte code.,HIGH,LOW
autobahn-0.14.1/autobahn/wamp/message.py,2707,Using type() instead of isinstance() for a typecheck.,Category.C,unidiomatic-typecheck,Use of assert detected. The enclosed code will be removed when compiling to optimised byte code.,HIGH,LOW
autobahn-0.14.1/autobahn/wamp/message.py,2708,Using type() instead of isinstance() for a typecheck.,Category.C,unidiomatic-typecheck,Use of assert detected. The enclosed code will be removed when compiling to optimised byte code.,HIGH,LOW
autobahn-0.14.1/autobahn/wamp/message.py,2726,Do not use `len(SEQUENCE)` to determine if a sequence is empty,Category.C,len-as-condition,Use of assert detected. The enclosed code will be removed when compiling to optimised byte code.,HIGH,LOW
autobahn-0.14.1/autobahn/wamp/message.py,2773,Using type() instead of isinstance() for a typecheck.,Category.C,unidiomatic-typecheck,Use of assert detected. The enclosed code will be removed when compiling to optimised byte code.,HIGH,LOW
autobahn-0.14.1/autobahn/wamp/message.py,2774,Using type() instead of isinstance() for a typecheck.,Category.C,unidiomatic-typecheck,Use of assert detected. The enclosed code will be removed when compiling to optimised byte code.,HIGH,LOW
autobahn-0.14.1/autobahn/wamp/message.py,2792,Do not use `len(SEQUENCE)` to determine if a sequence is empty,Category.C,len-as-condition,Use of assert detected. The enclosed code will be removed when compiling to optimised byte code.,HIGH,LOW
autobahn-0.14.1/autobahn/wamp/message.py,2845,Using type() instead of isinstance() for a typecheck.,Category.C,unidiomatic-typecheck,Use of assert detected. The enclosed code will be removed when compiling to optimised byte code.,HIGH,LOW
autobahn-0.14.1/autobahn/wamp/message.py,2846,Using type() instead of isinstance() for a typecheck.,Category.C,unidiomatic-typecheck,Use of assert detected. The enclosed code will be removed when compiling to optimised byte code.,HIGH,LOW
autobahn-0.14.1/autobahn/wamp/message.py,2847,Using type() instead of isinstance() for a typecheck.,Category.C,unidiomatic-typecheck,Use of assert detected. The enclosed code will be removed when compiling to optimised byte code.,HIGH,LOW
autobahn-0.14.1/autobahn/wamp/message.py,2867,Do not use `len(SEQUENCE)` to determine if a sequence is empty,Category.C,len-as-condition,Use of assert detected. The enclosed code will be removed when compiling to optimised byte code.,HIGH,LOW
autobahn-0.14.1/autobahn/wamp/message.py,2983,Using type() instead of isinstance() for a typecheck.,Category.C,unidiomatic-typecheck,Use of assert detected. The enclosed code will be removed when compiling to optimised byte code.,HIGH,LOW
autobahn-0.14.1/autobahn/wamp/message.py,2984,Using type() instead of isinstance() for a typecheck.,Category.C,unidiomatic-typecheck,Use of assert detected. The enclosed code will be removed when compiling to optimised byte code.,HIGH,LOW
autobahn-0.14.1/autobahn/wamp/message.py,2985,Using type() instead of isinstance() for a typecheck.,Category.C,unidiomatic-typecheck,Use of assert detected. The enclosed code will be removed when compiling to optimised byte code.,HIGH,LOW
autobahn-0.14.1/autobahn/wamp/message.py,2986,Using type() instead of isinstance() for a typecheck.,Category.C,unidiomatic-typecheck,Use of assert detected. The enclosed code will be removed when compiling to optimised byte code.,HIGH,LOW
autobahn-0.14.1/autobahn/wamp/message.py,2987,Using type() instead of isinstance() for a typecheck.,Category.C,unidiomatic-typecheck,Use of assert detected. The enclosed code will be removed when compiling to optimised byte code.,HIGH,LOW
autobahn-0.14.1/autobahn/wamp/message.py,2989,Using type() instead of isinstance() for a typecheck.,Category.C,unidiomatic-typecheck,Use of assert detected. The enclosed code will be removed when compiling to optimised byte code.,HIGH,LOW
autobahn-0.14.1/autobahn/wamp/message.py,2990,Using type() instead of isinstance() for a typecheck.,Category.C,unidiomatic-typecheck,Use of assert detected. The enclosed code will be removed when compiling to optimised byte code.,HIGH,LOW
autobahn-0.14.1/autobahn/wamp/message.py,2991,Using type() instead of isinstance() for a typecheck.,Category.C,unidiomatic-typecheck,Use of assert detected. The enclosed code will be removed when compiling to optimised byte code.,HIGH,LOW
autobahn-0.14.1/autobahn/wamp/message.py,2992,Using type() instead of isinstance() for a typecheck.,Category.C,unidiomatic-typecheck,Use of assert detected. The enclosed code will be removed when compiling to optimised byte code.,HIGH,LOW
autobahn-0.14.1/autobahn/wamp/message.py,2993,Using type() instead of isinstance() for a typecheck.,Category.C,unidiomatic-typecheck,Use of assert detected. The enclosed code will be removed when compiling to optimised byte code.,HIGH,LOW
autobahn-0.14.1/autobahn/wamp/message.py,2994,Using type() instead of isinstance() for a typecheck.,Category.C,unidiomatic-typecheck,Use of assert detected. The enclosed code will be removed when compiling to optimised byte code.,HIGH,LOW
autobahn-0.14.1/autobahn/wamp/message.py,2998,Using type() instead of isinstance() for a typecheck.,Category.C,unidiomatic-typecheck,Use of assert detected. The enclosed code will be removed when compiling to optimised byte code.,HIGH,LOW
autobahn-0.14.1/autobahn/wamp/message.py,3032,Do not use `len(SEQUENCE)` to determine if a sequence is empty,Category.C,len-as-condition,Use of assert detected. The enclosed code will be removed when compiling to optimised byte code.,HIGH,LOW
autobahn-0.14.1/autobahn/wamp/message.py,3222,Using type() instead of isinstance() for a typecheck.,Category.C,unidiomatic-typecheck,Use of assert detected. The enclosed code will be removed when compiling to optimised byte code.,HIGH,LOW
autobahn-0.14.1/autobahn/wamp/message.py,3223,Using type() instead of isinstance() for a typecheck.,Category.C,unidiomatic-typecheck,Use of assert detected. The enclosed code will be removed when compiling to optimised byte code.,HIGH,LOW
autobahn-0.14.1/autobahn/wamp/message.py,3242,Do not use `len(SEQUENCE)` to determine if a sequence is empty,Category.C,len-as-condition,Use of assert detected. The enclosed code will be removed when compiling to optimised byte code.,HIGH,LOW
autobahn-0.14.1/autobahn/wamp/message.py,3330,Using type() instead of isinstance() for a typecheck.,Category.C,unidiomatic-typecheck,Use of assert detected. The enclosed code will be removed when compiling to optimised byte code.,HIGH,LOW
autobahn-0.14.1/autobahn/wamp/message.py,3331,Using type() instead of isinstance() for a typecheck.,Category.C,unidiomatic-typecheck,Use of assert detected. The enclosed code will be removed when compiling to optimised byte code.,HIGH,LOW
autobahn-0.14.1/autobahn/wamp/message.py,3332,Using type() instead of isinstance() for a typecheck.,Category.C,unidiomatic-typecheck,Use of assert detected. The enclosed code will be removed when compiling to optimised byte code.,HIGH,LOW
autobahn-0.14.1/autobahn/wamp/message.py,3333,Using type() instead of isinstance() for a typecheck.,Category.C,unidiomatic-typecheck,Use of assert detected. The enclosed code will be removed when compiling to optimised byte code.,HIGH,LOW
autobahn-0.14.1/autobahn/wamp/message.py,3335,Using type() instead of isinstance() for a typecheck.,Category.C,unidiomatic-typecheck,Use of assert detected. The enclosed code will be removed when compiling to optimised byte code.,HIGH,LOW
autobahn-0.14.1/autobahn/wamp/message.py,3339,Using type() instead of isinstance() for a typecheck.,Category.C,unidiomatic-typecheck,Use of assert detected. The enclosed code will be removed when compiling to optimised byte code.,HIGH,LOW
autobahn-0.14.1/autobahn/wamp/message.py,3367,Do not use `len(SEQUENCE)` to determine if a sequence is empty,Category.C,len-as-condition,Use of assert detected. The enclosed code will be removed when compiling to optimised byte code.,HIGH,LOW
autobahn-0.14.1/autobahn/wamp/uri.py,73,Unnecessary parens after 'assert' keyword,Category.C,superfluous-parens,Use of assert detected. The enclosed code will be removed when compiling to optimised byte code.,HIGH,LOW
autobahn-0.14.1/autobahn/wamp/uri.py,142,Unnecessary parens after 'assert' keyword,Category.C,superfluous-parens,Use of assert detected. The enclosed code will be removed when compiling to optimised byte code.,HIGH,LOW
autobahn-0.14.1/autobahn/wamp/uri.py,282,Unnecessary parens after 'assert' keyword,Category.C,superfluous-parens,Use of assert detected. The enclosed code will be removed when compiling to optimised byte code.,HIGH,LOW
autobahn-0.14.1/autobahn/wamp/uri.py,295,Unnecessary parens after 'assert' keyword,Category.C,superfluous-parens,Use of assert detected. The enclosed code will be removed when compiling to optimised byte code.,HIGH,LOW
autobahn-0.14.1/autobahn/wamp/uri.py,308,Unnecessary parens after 'assert' keyword,Category.C,superfluous-parens,Use of assert detected. The enclosed code will be removed when compiling to optimised byte code.,HIGH,LOW
autobahn-0.14.1/autobahn/wamp/uri.py,73,Using type() instead of isinstance() for a typecheck.,Category.C,unidiomatic-typecheck,Use of assert detected. The enclosed code will be removed when compiling to optimised byte code.,HIGH,LOW
autobahn-0.14.1/autobahn/wamp/uri.py,142,Using type() instead of isinstance() for a typecheck.,Category.C,unidiomatic-typecheck,Use of assert detected. The enclosed code will be removed when compiling to optimised byte code.,HIGH,LOW
autobahn-0.14.1/autobahn/wamp/protocol.py,114,Unnecessary parens after 'assert' keyword,Category.C,superfluous-parens,Use of assert detected. The enclosed code will be removed when compiling to optimised byte code.,HIGH,LOW
autobahn-0.14.1/autobahn/wamp/protocol.py,118,Unnecessary parens after 'assert' keyword,Category.C,superfluous-parens,Use of assert detected. The enclosed code will be removed when compiling to optimised byte code.,HIGH,LOW
autobahn-0.14.1/autobahn/wamp/protocol.py,1106,Unnecessary parens after 'assert' keyword,Category.C,superfluous-parens,Use of assert detected. The enclosed code will be removed when compiling to optimised byte code.,HIGH,LOW
autobahn-0.14.1/autobahn/wamp/protocol.py,1225,Unnecessary parens after 'assert' keyword,Category.C,superfluous-parens,Use of assert detected. The enclosed code will be removed when compiling to optimised byte code.,HIGH,LOW
autobahn-0.14.1/autobahn/wamp/protocol.py,1227,Unnecessary parens after 'assert' keyword,Category.C,superfluous-parens,Use of assert detected. The enclosed code will be removed when compiling to optimised byte code.,HIGH,LOW
autobahn-0.14.1/autobahn/wamp/protocol.py,1228,Unnecessary parens after 'assert' keyword,Category.C,superfluous-parens,Use of assert detected. The enclosed code will be removed when compiling to optimised byte code.,HIGH,LOW
autobahn-0.14.1/autobahn/wamp/protocol.py,1261,Unnecessary parens after 'assert' keyword,Category.C,superfluous-parens,Use of assert detected. The enclosed code will be removed when compiling to optimised byte code.,HIGH,LOW
autobahn-0.14.1/autobahn/wamp/protocol.py,1382,Unnecessary parens after 'assert' keyword,Category.C,superfluous-parens,Use of assert detected. The enclosed code will be removed when compiling to optimised byte code.,HIGH,LOW
autobahn-0.14.1/autobahn/wamp/protocol.py,1384,Unnecessary parens after 'assert' keyword,Category.C,superfluous-parens,Use of assert detected. The enclosed code will be removed when compiling to optimised byte code.,HIGH,LOW
autobahn-0.14.1/autobahn/wamp/protocol.py,1106,Using type() instead of isinstance() for a typecheck.,Category.C,unidiomatic-typecheck,Use of assert detected. The enclosed code will be removed when compiling to optimised byte code.,HIGH,LOW
autobahn-0.14.1/autobahn/wamp/protocol.py,1181,Using type() instead of isinstance() for a typecheck.,Category.C,unidiomatic-typecheck,Use of assert detected. The enclosed code will be removed when compiling to optimised byte code.,HIGH,LOW
autobahn-0.14.1/autobahn/wamp/protocol.py,1338,Using type() instead of isinstance() for a typecheck.,Category.C,unidiomatic-typecheck,Use of assert detected. The enclosed code will be removed when compiling to optimised byte code.,HIGH,LOW
autobahn-0.14.1/autobahn/wamp/protocol.py,250,No exception type(s) specified,Category.W,bare-except,"Try, Except, Pass detected.",HIGH,LOW
autobahn-0.14.1/autobahn/wamp/protocol.py,711,No exception type(s) specified,Category.W,bare-except,"Try, Except, Pass detected.",HIGH,LOW
autobahn-0.14.1/autobahn/wamp/protocol.py,894,No exception type(s) specified,Category.W,bare-except,"Try, Except, Pass detected.",HIGH,LOW
autobahn-0.14.1/autobahn/wamp/protocol.py,938,No exception type(s) specified,Category.W,bare-except,"Try, Except, Pass detected.",HIGH,LOW
autobahn-0.14.1/autobahn/wamp/test/test_uri_pattern.py,355,Unnecessary parens after 'assert' keyword,Category.C,superfluous-parens,Use of assert detected. The enclosed code will be removed when compiling to optimised byte code.,HIGH,LOW
autobahn-0.14.1/autobahn/wamp/test/test_uri_pattern.py,359,Unnecessary parens after 'assert' keyword,Category.C,superfluous-parens,Use of assert detected. The enclosed code will be removed when compiling to optimised byte code.,HIGH,LOW
autobahn-0.14.1/autobahn/wamp/cryptobox.py,132,Line too long (109/100),Category.C,line-too-long,Use of assert detected. The enclosed code will be removed when compiling to optimised byte code.,HIGH,LOW
autobahn-0.14.1/autobahn/wamp/cryptobox.py,152,Unnecessary parens after 'assert' keyword,Category.C,superfluous-parens,Use of assert detected. The enclosed code will be removed when compiling to optimised byte code.,HIGH,LOW
autobahn-0.14.1/autobahn/wamp/cryptobox.py,187,Unnecessary parens after 'assert' keyword,Category.C,superfluous-parens,Use of assert detected. The enclosed code will be removed when compiling to optimised byte code.,HIGH,LOW
autobahn-0.14.1/autobahn/wamp/cryptobox.py,188,Unnecessary parens after 'assert' keyword,Category.C,superfluous-parens,Use of assert detected. The enclosed code will be removed when compiling to optimised byte code.,HIGH,LOW
autobahn-0.14.1/autobahn/wamp/cryptobox.py,214,Unnecessary parens after 'assert' keyword,Category.C,superfluous-parens,Use of assert detected. The enclosed code will be removed when compiling to optimised byte code.,HIGH,LOW
autobahn-0.14.1/autobahn/wamp/cryptobox.py,215,Unnecessary parens after 'assert' keyword,Category.C,superfluous-parens,Use of assert detected. The enclosed code will be removed when compiling to optimised byte code.,HIGH,LOW
autobahn-0.14.1/autobahn/wamp/cryptobox.py,152,Using type() instead of isinstance() for a typecheck.,Category.C,unidiomatic-typecheck,Use of assert detected. The enclosed code will be removed when compiling to optimised byte code.,HIGH,LOW
autobahn-0.14.1/autobahn/wamp/cryptobox.py,153,Using type() instead of isinstance() for a typecheck.,Category.C,unidiomatic-typecheck,Use of assert detected. The enclosed code will be removed when compiling to optimised byte code.,HIGH,LOW
autobahn-0.14.1/autobahn/wamp/cryptobox.py,187,Using type() instead of isinstance() for a typecheck.,Category.C,unidiomatic-typecheck,Use of assert detected. The enclosed code will be removed when compiling to optimised byte code.,HIGH,LOW
autobahn-0.14.1/autobahn/wamp/cryptobox.py,188,Using type() instead of isinstance() for a typecheck.,Category.C,unidiomatic-typecheck,Use of assert detected. The enclosed code will be removed when compiling to optimised byte code.,HIGH,LOW
autobahn-0.14.1/autobahn/wamp/cryptobox.py,189,Using type() instead of isinstance() for a typecheck.,Category.C,unidiomatic-typecheck,Use of assert detected. The enclosed code will be removed when compiling to optimised byte code.,HIGH,LOW
autobahn-0.14.1/autobahn/wamp/cryptobox.py,190,Using type() instead of isinstance() for a typecheck.,Category.C,unidiomatic-typecheck,Use of assert detected. The enclosed code will be removed when compiling to optimised byte code.,HIGH,LOW
autobahn-0.14.1/autobahn/wamp/cryptobox.py,214,Using type() instead of isinstance() for a typecheck.,Category.C,unidiomatic-typecheck,Use of assert detected. The enclosed code will be removed when compiling to optimised byte code.,HIGH,LOW
autobahn-0.14.1/autobahn/wamp/types.py,168,Unnecessary parens after 'assert' keyword,Category.C,superfluous-parens,Use of assert detected. The enclosed code will be removed when compiling to optimised byte code.,HIGH,LOW
autobahn-0.14.1/autobahn/wamp/types.py,198,Unnecessary parens after 'assert' keyword,Category.C,superfluous-parens,Use of assert detected. The enclosed code will be removed when compiling to optimised byte code.,HIGH,LOW
autobahn-0.14.1/autobahn/wamp/types.py,242,Line too long (121/100),Category.C,line-too-long,Use of assert detected. The enclosed code will be removed when compiling to optimised byte code.,HIGH,LOW
autobahn-0.14.1/autobahn/wamp/types.py,286,Unnecessary parens after 'assert' keyword,Category.C,superfluous-parens,Use of assert detected. The enclosed code will be removed when compiling to optimised byte code.,HIGH,LOW
autobahn-0.14.1/autobahn/wamp/types.py,287,Unnecessary parens after 'assert' keyword,Category.C,superfluous-parens,Use of assert detected. The enclosed code will be removed when compiling to optimised byte code.,HIGH,LOW
autobahn-0.14.1/autobahn/wamp/types.py,358,Line too long (111/100),Category.C,line-too-long,Use of assert detected. The enclosed code will be removed when compiling to optimised byte code.,HIGH,LOW
autobahn-0.14.1/autobahn/wamp/types.py,415,Unnecessary parens after 'assert' keyword,Category.C,superfluous-parens,Use of assert detected. The enclosed code will be removed when compiling to optimised byte code.,HIGH,LOW
autobahn-0.14.1/autobahn/wamp/types.py,482,Line too long (151/100),Category.C,line-too-long,Use of assert detected. The enclosed code will be removed when compiling to optimised byte code.,HIGH,LOW
autobahn-0.14.1/autobahn/wamp/types.py,483,Line too long (171/100),Category.C,line-too-long,Use of assert detected. The enclosed code will be removed when compiling to optimised byte code.,HIGH,LOW
autobahn-0.14.1/autobahn/wamp/types.py,484,Line too long (179/100),Category.C,line-too-long,Use of assert detected. The enclosed code will be removed when compiling to optimised byte code.,HIGH,LOW
autobahn-0.14.1/autobahn/wamp/types.py,485,Line too long (155/100),Category.C,line-too-long,Use of assert detected. The enclosed code will be removed when compiling to optimised byte code.,HIGH,LOW
autobahn-0.14.1/autobahn/wamp/types.py,486,Line too long (175/100),Category.C,line-too-long,Use of assert detected. The enclosed code will be removed when compiling to optimised byte code.,HIGH,LOW
autobahn-0.14.1/autobahn/wamp/types.py,487,Line too long (183/100),Category.C,line-too-long,Use of assert detected. The enclosed code will be removed when compiling to optimised byte code.,HIGH,LOW
autobahn-0.14.1/autobahn/wamp/types.py,553,Line too long (111/100),Category.C,line-too-long,Use of assert detected. The enclosed code will be removed when compiling to optimised byte code.,HIGH,LOW
autobahn-0.14.1/autobahn/wamp/types.py,554,Line too long (136/100),Category.C,line-too-long,Use of assert detected. The enclosed code will be removed when compiling to optimised byte code.,HIGH,LOW
autobahn-0.14.1/autobahn/wamp/types.py,654,Line too long (103/100),Category.C,line-too-long,Use of assert detected. The enclosed code will be removed when compiling to optimised byte code.,HIGH,LOW
autobahn-0.14.1/autobahn/wamp/types.py,84,Using type() instead of isinstance() for a typecheck.,Category.C,unidiomatic-typecheck,Use of assert detected. The enclosed code will be removed when compiling to optimised byte code.,HIGH,LOW
autobahn-0.14.1/autobahn/wamp/types.py,132,Using type() instead of isinstance() for a typecheck.,Category.C,unidiomatic-typecheck,Use of assert detected. The enclosed code will be removed when compiling to optimised byte code.,HIGH,LOW
autobahn-0.14.1/autobahn/wamp/types.py,133,Using type() instead of isinstance() for a typecheck.,Category.C,unidiomatic-typecheck,Use of assert detected. The enclosed code will be removed when compiling to optimised byte code.,HIGH,LOW
autobahn-0.14.1/autobahn/wamp/types.py,134,Using type() instead of isinstance() for a typecheck.,Category.C,unidiomatic-typecheck,Use of assert detected. The enclosed code will be removed when compiling to optimised byte code.,HIGH,LOW
autobahn-0.14.1/autobahn/wamp/types.py,135,Using type() instead of isinstance() for a typecheck.,Category.C,unidiomatic-typecheck,Use of assert detected. The enclosed code will be removed when compiling to optimised byte code.,HIGH,LOW
autobahn-0.14.1/autobahn/wamp/types.py,136,Using type() instead of isinstance() for a typecheck.,Category.C,unidiomatic-typecheck,Use of assert detected. The enclosed code will be removed when compiling to optimised byte code.,HIGH,LOW
autobahn-0.14.1/autobahn/wamp/types.py,137,Using type() instead of isinstance() for a typecheck.,Category.C,unidiomatic-typecheck,Use of assert detected. The enclosed code will be removed when compiling to optimised byte code.,HIGH,LOW
autobahn-0.14.1/autobahn/wamp/types.py,168,Using type() instead of isinstance() for a typecheck.,Category.C,unidiomatic-typecheck,Use of assert detected. The enclosed code will be removed when compiling to optimised byte code.,HIGH,LOW
autobahn-0.14.1/autobahn/wamp/types.py,169,Using type() instead of isinstance() for a typecheck.,Category.C,unidiomatic-typecheck,Use of assert detected. The enclosed code will be removed when compiling to optimised byte code.,HIGH,LOW
autobahn-0.14.1/autobahn/wamp/types.py,198,Using type() instead of isinstance() for a typecheck.,Category.C,unidiomatic-typecheck,Use of assert detected. The enclosed code will be removed when compiling to optimised byte code.,HIGH,LOW
autobahn-0.14.1/autobahn/wamp/types.py,199,Using type() instead of isinstance() for a typecheck.,Category.C,unidiomatic-typecheck,Use of assert detected. The enclosed code will be removed when compiling to optimised byte code.,HIGH,LOW
autobahn-0.14.1/autobahn/wamp/types.py,241,Using type() instead of isinstance() for a typecheck.,Category.C,unidiomatic-typecheck,Use of assert detected. The enclosed code will be removed when compiling to optimised byte code.,HIGH,LOW
autobahn-0.14.1/autobahn/wamp/types.py,242,Using type() instead of isinstance() for a typecheck.,Category.C,unidiomatic-typecheck,Use of assert detected. The enclosed code will be removed when compiling to optimised byte code.,HIGH,LOW
autobahn-0.14.1/autobahn/wamp/types.py,242,Using type() instead of isinstance() for a typecheck.,Category.C,unidiomatic-typecheck,Use of assert detected. The enclosed code will be removed when compiling to optimised byte code.,HIGH,LOW
autobahn-0.14.1/autobahn/wamp/types.py,243,Using type() instead of isinstance() for a typecheck.,Category.C,unidiomatic-typecheck,Use of assert detected. The enclosed code will be removed when compiling to optimised byte code.,HIGH,LOW
autobahn-0.14.1/autobahn/wamp/types.py,244,Using type() instead of isinstance() for a typecheck.,Category.C,unidiomatic-typecheck,Use of assert detected. The enclosed code will be removed when compiling to optimised byte code.,HIGH,LOW
autobahn-0.14.1/autobahn/wamp/types.py,245,Using type() instead of isinstance() for a typecheck.,Category.C,unidiomatic-typecheck,Use of assert detected. The enclosed code will be removed when compiling to optimised byte code.,HIGH,LOW
autobahn-0.14.1/autobahn/wamp/types.py,247,Using type() instead of isinstance() for a typecheck.,Category.C,unidiomatic-typecheck,Use of assert detected. The enclosed code will be removed when compiling to optimised byte code.,HIGH,LOW
autobahn-0.14.1/autobahn/wamp/types.py,286,Using type() instead of isinstance() for a typecheck.,Category.C,unidiomatic-typecheck,Use of assert detected. The enclosed code will be removed when compiling to optimised byte code.,HIGH,LOW
autobahn-0.14.1/autobahn/wamp/types.py,287,Using type() instead of isinstance() for a typecheck.,Category.C,unidiomatic-typecheck,Use of assert detected. The enclosed code will be removed when compiling to optimised byte code.,HIGH,LOW
autobahn-0.14.1/autobahn/wamp/types.py,288,Using type() instead of isinstance() for a typecheck.,Category.C,unidiomatic-typecheck,Use of assert detected. The enclosed code will be removed when compiling to optimised byte code.,HIGH,LOW
autobahn-0.14.1/autobahn/wamp/types.py,289,Using type() instead of isinstance() for a typecheck.,Category.C,unidiomatic-typecheck,Use of assert detected. The enclosed code will be removed when compiling to optimised byte code.,HIGH,LOW
autobahn-0.14.1/autobahn/wamp/types.py,290,Using type() instead of isinstance() for a typecheck.,Category.C,unidiomatic-typecheck,Use of assert detected. The enclosed code will be removed when compiling to optimised byte code.,HIGH,LOW
autobahn-0.14.1/autobahn/wamp/types.py,291,Using type() instead of isinstance() for a typecheck.,Category.C,unidiomatic-typecheck,Use of assert detected. The enclosed code will be removed when compiling to optimised byte code.,HIGH,LOW
autobahn-0.14.1/autobahn/wamp/types.py,292,Using type() instead of isinstance() for a typecheck.,Category.C,unidiomatic-typecheck,Use of assert detected. The enclosed code will be removed when compiling to optimised byte code.,HIGH,LOW
autobahn-0.14.1/autobahn/wamp/types.py,328,Using type() instead of isinstance() for a typecheck.,Category.C,unidiomatic-typecheck,Use of assert detected. The enclosed code will be removed when compiling to optimised byte code.,HIGH,LOW
autobahn-0.14.1/autobahn/wamp/types.py,329,Using type() instead of isinstance() for a typecheck.,Category.C,unidiomatic-typecheck,Use of assert detected. The enclosed code will be removed when compiling to optimised byte code.,HIGH,LOW
autobahn-0.14.1/autobahn/wamp/types.py,358,Using type() instead of isinstance() for a typecheck.,Category.C,unidiomatic-typecheck,Use of assert detected. The enclosed code will be removed when compiling to optimised byte code.,HIGH,LOW
autobahn-0.14.1/autobahn/wamp/types.py,359,Using type() instead of isinstance() for a typecheck.,Category.C,unidiomatic-typecheck,Use of assert detected. The enclosed code will be removed when compiling to optimised byte code.,HIGH,LOW
autobahn-0.14.1/autobahn/wamp/types.py,415,Using type() instead of isinstance() for a typecheck.,Category.C,unidiomatic-typecheck,Use of assert detected. The enclosed code will be removed when compiling to optimised byte code.,HIGH,LOW
autobahn-0.14.1/autobahn/wamp/types.py,416,Using type() instead of isinstance() for a typecheck.,Category.C,unidiomatic-typecheck,Use of assert detected. The enclosed code will be removed when compiling to optimised byte code.,HIGH,LOW
autobahn-0.14.1/autobahn/wamp/types.py,417,Using type() instead of isinstance() for a typecheck.,Category.C,unidiomatic-typecheck,Use of assert detected. The enclosed code will be removed when compiling to optimised byte code.,HIGH,LOW
autobahn-0.14.1/autobahn/wamp/types.py,418,Using type() instead of isinstance() for a typecheck.,Category.C,unidiomatic-typecheck,Use of assert detected. The enclosed code will be removed when compiling to optimised byte code.,HIGH,LOW
autobahn-0.14.1/autobahn/wamp/types.py,419,Using type() instead of isinstance() for a typecheck.,Category.C,unidiomatic-typecheck,Use of assert detected. The enclosed code will be removed when compiling to optimised byte code.,HIGH,LOW
autobahn-0.14.1/autobahn/wamp/types.py,420,Using type() instead of isinstance() for a typecheck.,Category.C,unidiomatic-typecheck,Use of assert detected. The enclosed code will be removed when compiling to optimised byte code.,HIGH,LOW
autobahn-0.14.1/autobahn/wamp/types.py,480,Using type() instead of isinstance() for a typecheck.,Category.C,unidiomatic-typecheck,Use of assert detected. The enclosed code will be removed when compiling to optimised byte code.,HIGH,LOW
autobahn-0.14.1/autobahn/wamp/types.py,481,Using type() instead of isinstance() for a typecheck.,Category.C,unidiomatic-typecheck,Use of assert detected. The enclosed code will be removed when compiling to optimised byte code.,HIGH,LOW
autobahn-0.14.1/autobahn/wamp/types.py,482,Using type() instead of isinstance() for a typecheck.,Category.C,unidiomatic-typecheck,Use of assert detected. The enclosed code will be removed when compiling to optimised byte code.,HIGH,LOW
autobahn-0.14.1/autobahn/wamp/types.py,482,Using type() instead of isinstance() for a typecheck.,Category.C,unidiomatic-typecheck,Use of assert detected. The enclosed code will be removed when compiling to optimised byte code.,HIGH,LOW
autobahn-0.14.1/autobahn/wamp/types.py,482,Using type() instead of isinstance() for a typecheck.,Category.C,unidiomatic-typecheck,Use of assert detected. The enclosed code will be removed when compiling to optimised byte code.,HIGH,LOW
autobahn-0.14.1/autobahn/wamp/types.py,483,Using type() instead of isinstance() for a typecheck.,Category.C,unidiomatic-typecheck,Use of assert detected. The enclosed code will be removed when compiling to optimised byte code.,HIGH,LOW
autobahn-0.14.1/autobahn/wamp/types.py,483,Using type() instead of isinstance() for a typecheck.,Category.C,unidiomatic-typecheck,Use of assert detected. The enclosed code will be removed when compiling to optimised byte code.,HIGH,LOW
autobahn-0.14.1/autobahn/wamp/types.py,483,Using type() instead of isinstance() for a typecheck.,Category.C,unidiomatic-typecheck,Use of assert detected. The enclosed code will be removed when compiling to optimised byte code.,HIGH,LOW
autobahn-0.14.1/autobahn/wamp/types.py,484,Using type() instead of isinstance() for a typecheck.,Category.C,unidiomatic-typecheck,Use of assert detected. The enclosed code will be removed when compiling to optimised byte code.,HIGH,LOW
autobahn-0.14.1/autobahn/wamp/types.py,484,Using type() instead of isinstance() for a typecheck.,Category.C,unidiomatic-typecheck,Use of assert detected. The enclosed code will be removed when compiling to optimised byte code.,HIGH,LOW
autobahn-0.14.1/autobahn/wamp/types.py,484,Using type() instead of isinstance() for a typecheck.,Category.C,unidiomatic-typecheck,Use of assert detected. The enclosed code will be removed when compiling to optimised byte code.,HIGH,LOW
autobahn-0.14.1/autobahn/wamp/types.py,485,Using type() instead of isinstance() for a typecheck.,Category.C,unidiomatic-typecheck,Use of assert detected. The enclosed code will be removed when compiling to optimised byte code.,HIGH,LOW
autobahn-0.14.1/autobahn/wamp/types.py,485,Using type() instead of isinstance() for a typecheck.,Category.C,unidiomatic-typecheck,Use of assert detected. The enclosed code will be removed when compiling to optimised byte code.,HIGH,LOW
autobahn-0.14.1/autobahn/wamp/types.py,485,Using type() instead of isinstance() for a typecheck.,Category.C,unidiomatic-typecheck,Use of assert detected. The enclosed code will be removed when compiling to optimised byte code.,HIGH,LOW
autobahn-0.14.1/autobahn/wamp/types.py,486,Using type() instead of isinstance() for a typecheck.,Category.C,unidiomatic-typecheck,Use of assert detected. The enclosed code will be removed when compiling to optimised byte code.,HIGH,LOW
autobahn-0.14.1/autobahn/wamp/types.py,486,Using type() instead of isinstance() for a typecheck.,Category.C,unidiomatic-typecheck,Use of assert detected. The enclosed code will be removed when compiling to optimised byte code.,HIGH,LOW
autobahn-0.14.1/autobahn/wamp/types.py,486,Using type() instead of isinstance() for a typecheck.,Category.C,unidiomatic-typecheck,Use of assert detected. The enclosed code will be removed when compiling to optimised byte code.,HIGH,LOW
autobahn-0.14.1/autobahn/wamp/types.py,487,Using type() instead of isinstance() for a typecheck.,Category.C,unidiomatic-typecheck,Use of assert detected. The enclosed code will be removed when compiling to optimised byte code.,HIGH,LOW
autobahn-0.14.1/autobahn/wamp/types.py,487,Using type() instead of isinstance() for a typecheck.,Category.C,unidiomatic-typecheck,Use of assert detected. The enclosed code will be removed when compiling to optimised byte code.,HIGH,LOW
autobahn-0.14.1/autobahn/wamp/types.py,487,Using type() instead of isinstance() for a typecheck.,Category.C,unidiomatic-typecheck,Use of assert detected. The enclosed code will be removed when compiling to optimised byte code.,HIGH,LOW
autobahn-0.14.1/autobahn/wamp/types.py,553,Using type() instead of isinstance() for a typecheck.,Category.C,unidiomatic-typecheck,Use of assert detected. The enclosed code will be removed when compiling to optimised byte code.,HIGH,LOW
autobahn-0.14.1/autobahn/wamp/types.py,554,Using type() instead of isinstance() for a typecheck.,Category.C,unidiomatic-typecheck,Use of assert detected. The enclosed code will be removed when compiling to optimised byte code.,HIGH,LOW
autobahn-0.14.1/autobahn/wamp/types.py,555,Using type() instead of isinstance() for a typecheck.,Category.C,unidiomatic-typecheck,Use of assert detected. The enclosed code will be removed when compiling to optimised byte code.,HIGH,LOW
autobahn-0.14.1/autobahn/wamp/types.py,615,Using type() instead of isinstance() for a typecheck.,Category.C,unidiomatic-typecheck,Use of assert detected. The enclosed code will be removed when compiling to optimised byte code.,HIGH,LOW
autobahn-0.14.1/autobahn/wamp/types.py,616,Using type() instead of isinstance() for a typecheck.,Category.C,unidiomatic-typecheck,Use of assert detected. The enclosed code will be removed when compiling to optimised byte code.,HIGH,LOW
autobahn-0.14.1/autobahn/wamp/types.py,617,Using type() instead of isinstance() for a typecheck.,Category.C,unidiomatic-typecheck,Use of assert detected. The enclosed code will be removed when compiling to optimised byte code.,HIGH,LOW
autobahn-0.14.1/autobahn/wamp/types.py,618,Using type() instead of isinstance() for a typecheck.,Category.C,unidiomatic-typecheck,Use of assert detected. The enclosed code will be removed when compiling to optimised byte code.,HIGH,LOW
autobahn-0.14.1/autobahn/wamp/types.py,619,Using type() instead of isinstance() for a typecheck.,Category.C,unidiomatic-typecheck,Use of assert detected. The enclosed code will be removed when compiling to optimised byte code.,HIGH,LOW
autobahn-0.14.1/autobahn/wamp/types.py,654,Using type() instead of isinstance() for a typecheck.,Category.C,unidiomatic-typecheck,Use of assert detected. The enclosed code will be removed when compiling to optimised byte code.,HIGH,LOW
autobahn-0.14.1/autobahn/wamp/types.py,698,Using type() instead of isinstance() for a typecheck.,Category.C,unidiomatic-typecheck,Use of assert detected. The enclosed code will be removed when compiling to optimised byte code.,HIGH,LOW
autobahn-0.14.1/autobahn/asyncio/wamp.py,102,Unnecessary parens after 'assert' keyword,Category.C,superfluous-parens,Use of assert detected. The enclosed code will be removed when compiling to optimised byte code.,HIGH,LOW
autobahn-0.14.1/autobahn/asyncio/wamp.py,103,Unnecessary parens after 'assert' keyword,Category.C,superfluous-parens,Use of assert detected. The enclosed code will be removed when compiling to optimised byte code.,HIGH,LOW
autobahn-0.14.1/autobahn/asyncio/wamp.py,102,Using type() instead of isinstance() for a typecheck.,Category.C,unidiomatic-typecheck,Use of assert detected. The enclosed code will be removed when compiling to optimised byte code.,HIGH,LOW
autobahn-0.14.1/autobahn/asyncio/wamp.py,103,Using type() instead of isinstance() for a typecheck.,Category.C,unidiomatic-typecheck,Use of assert detected. The enclosed code will be removed when compiling to optimised byte code.,HIGH,LOW
autobahn-0.14.1/autobahn/asyncio/wamp.py,104,Using type() instead of isinstance() for a typecheck.,Category.C,unidiomatic-typecheck,Use of assert detected. The enclosed code will be removed when compiling to optimised byte code.,HIGH,LOW
autobahn-0.14.1/autobahn/twisted/rawsocket.py,364,Unnecessary parens after 'assert' keyword,Category.C,superfluous-parens,Use of assert detected. The enclosed code will be removed when compiling to optimised byte code.,HIGH,LOW
autobahn-0.14.1/autobahn/twisted/rawsocket.py,427,Unnecessary parens after 'assert' keyword,Category.C,superfluous-parens,Use of assert detected. The enclosed code will be removed when compiling to optimised byte code.,HIGH,LOW
autobahn-0.14.1/autobahn/twisted/wamp.py,122,Unnecessary parens after 'assert' keyword,Category.C,superfluous-parens,Use of assert detected. The enclosed code will be removed when compiling to optimised byte code.,HIGH,LOW
autobahn-0.14.1/autobahn/twisted/wamp.py,358,Unnecessary parens after 'assert' keyword,Category.C,superfluous-parens,Use of assert detected. The enclosed code will be removed when compiling to optimised byte code.,HIGH,LOW
autobahn-0.14.1/autobahn/twisted/wamp.py,428,Unnecessary parens after 'assert' keyword,Category.C,superfluous-parens,Use of assert detected. The enclosed code will be removed when compiling to optimised byte code.,HIGH,LOW
autobahn-0.14.1/autobahn/twisted/wamp.py,464,Unnecessary parens after 'assert' keyword,Category.C,superfluous-parens,Use of assert detected. The enclosed code will be removed when compiling to optimised byte code.,HIGH,LOW
autobahn-0.14.1/autobahn/twisted/wamp.py,122,Using type() instead of isinstance() for a typecheck.,Category.C,unidiomatic-typecheck,Use of assert detected. The enclosed code will be removed when compiling to optimised byte code.,HIGH,LOW
autobahn-0.14.1/autobahn/twisted/wamp.py,123,Using type() instead of isinstance() for a typecheck.,Category.C,unidiomatic-typecheck,Use of assert detected. The enclosed code will be removed when compiling to optimised byte code.,HIGH,LOW
autobahn-0.14.1/autobahn/twisted/wamp.py,124,Using type() instead of isinstance() for a typecheck.,Category.C,unidiomatic-typecheck,Use of assert detected. The enclosed code will be removed when compiling to optimised byte code.,HIGH,LOW
autobahn-0.14.1/autobahn/twisted/wamp.py,125,Using type() instead of isinstance() for a typecheck.,Category.C,unidiomatic-typecheck,Use of assert detected. The enclosed code will be removed when compiling to optimised byte code.,HIGH,LOW
autobahn-0.14.1/autobahn/twisted/websocket.py,340,Unnecessary parens after 'assert' keyword,Category.C,superfluous-parens,Use of assert detected. The enclosed code will be removed when compiling to optimised byte code.,HIGH,LOW
autobahn-0.14.1/autobahn/twisted/websocket.py,340,Using type() instead of isinstance() for a typecheck.,Category.C,unidiomatic-typecheck,Use of assert detected. The enclosed code will be removed when compiling to optimised byte code.,HIGH,LOW
autobahn-0.14.1/autobahn/twisted/websocket.py,101,No exception type(s) specified,Category.W,bare-except,"Try, Except, Pass detected.",HIGH,LOW
autobahn-0.14.1/autobahn/websocket/protocol.py,2085,Unnecessary parens after 'assert' keyword,Category.C,superfluous-parens,Use of assert detected. The enclosed code will be removed when compiling to optimised byte code.,HIGH,LOW
autobahn-0.14.1/autobahn/websocket/protocol.py,3217,Unnecessary parens after 'assert' keyword,Category.C,superfluous-parens,Use of assert detected. The enclosed code will be removed when compiling to optimised byte code.,HIGH,LOW
autobahn-0.14.1/autobahn/websocket/protocol.py,3231,Unnecessary parens after 'assert' keyword,Category.C,superfluous-parens,Use of assert detected. The enclosed code will be removed when compiling to optimised byte code.,HIGH,LOW
autobahn-0.14.1/autobahn/websocket/protocol.py,3232,Unnecessary parens after 'assert' keyword,Category.C,superfluous-parens,Use of assert detected. The enclosed code will be removed when compiling to optimised byte code.,HIGH,LOW
autobahn-0.14.1/autobahn/websocket/protocol.py,3951,Unnecessary parens after 'assert' keyword,Category.C,superfluous-parens,Use of assert detected. The enclosed code will be removed when compiling to optimised byte code.,HIGH,LOW
autobahn-0.14.1/autobahn/websocket/protocol.py,2085,Using type() instead of isinstance() for a typecheck.,Category.C,unidiomatic-typecheck,Use of assert detected. The enclosed code will be removed when compiling to optimised byte code.,HIGH,LOW
autobahn-0.14.1/autobahn/websocket/protocol.py,3216,Using type() instead of isinstance() for a typecheck.,Category.C,unidiomatic-typecheck,Use of assert detected. The enclosed code will be removed when compiling to optimised byte code.,HIGH,LOW
autobahn-0.14.1/autobahn/websocket/protocol.py,3216,Using type() instead of isinstance() for a typecheck.,Category.C,unidiomatic-typecheck,Use of assert detected. The enclosed code will be removed when compiling to optimised byte code.,HIGH,LOW
autobahn-0.14.1/autobahn/websocket/protocol.py,3231,Using type() instead of isinstance() for a typecheck.,Category.C,unidiomatic-typecheck,Use of assert detected. The enclosed code will be removed when compiling to optimised byte code.,HIGH,LOW
autobahn-0.14.1/autobahn/websocket/protocol.py,3950,Using type() instead of isinstance() for a typecheck.,Category.C,unidiomatic-typecheck,Use of assert detected. The enclosed code will be removed when compiling to optimised byte code.,HIGH,LOW
autobahn-0.14.1/autobahn/websocket/protocol.py,3950,Using type() instead of isinstance() for a typecheck.,Category.C,unidiomatic-typecheck,Use of assert detected. The enclosed code will be removed when compiling to optimised byte code.,HIGH,LOW
autobahn-0.14.1/autobahn/websocket/types.py,183,Unnecessary parens after 'assert' keyword,Category.C,superfluous-parens,Use of assert detected. The enclosed code will be removed when compiling to optimised byte code.,HIGH,LOW
autobahn-0.14.1/autobahn/websocket/types.py,187,Unnecessary parens after 'assert' keyword,Category.C,superfluous-parens,Use of assert detected. The enclosed code will be removed when compiling to optimised byte code.,HIGH,LOW
autobahn-0.14.1/autobahn/websocket/types.py,250,Unnecessary parens after 'assert' keyword,Category.C,superfluous-parens,Use of assert detected. The enclosed code will be removed when compiling to optimised byte code.,HIGH,LOW
autobahn-0.14.1/autobahn/websocket/types.py,282,Unnecessary parens after 'assert' keyword,Category.C,superfluous-parens,Use of assert detected. The enclosed code will be removed when compiling to optimised byte code.,HIGH,LOW
autobahn-0.14.1/autobahn/websocket/types.py,283,Unnecessary parens after 'assert' keyword,Category.C,superfluous-parens,Use of assert detected. The enclosed code will be removed when compiling to optimised byte code.,HIGH,LOW
autobahn-0.14.1/autobahn/websocket/types.py,311,Unnecessary parens after 'assert' keyword,Category.C,superfluous-parens,Use of assert detected. The enclosed code will be removed when compiling to optimised byte code.,HIGH,LOW
autobahn-0.14.1/autobahn/websocket/types.py,312,Unnecessary parens after 'assert' keyword,Category.C,superfluous-parens,Use of assert detected. The enclosed code will be removed when compiling to optimised byte code.,HIGH,LOW
autobahn-0.14.1/autobahn/websocket/types.py,313,Unnecessary parens after 'assert' keyword,Category.C,superfluous-parens,Use of assert detected. The enclosed code will be removed when compiling to optimised byte code.,HIGH,LOW
autobahn-0.14.1/autobahn/websocket/types.py,179,Using type() instead of isinstance() for a typecheck.,Category.C,unidiomatic-typecheck,Use of assert detected. The enclosed code will be removed when compiling to optimised byte code.,HIGH,LOW
autobahn-0.14.1/autobahn/websocket/types.py,180,Using type() instead of isinstance() for a typecheck.,Category.C,unidiomatic-typecheck,Use of assert detected. The enclosed code will be removed when compiling to optimised byte code.,HIGH,LOW
autobahn-0.14.1/autobahn/websocket/types.py,183,Using type() instead of isinstance() for a typecheck.,Category.C,unidiomatic-typecheck,Use of assert detected. The enclosed code will be removed when compiling to optimised byte code.,HIGH,LOW
autobahn-0.14.1/autobahn/websocket/types.py,184,Using type() instead of isinstance() for a typecheck.,Category.C,unidiomatic-typecheck,Use of assert detected. The enclosed code will be removed when compiling to optimised byte code.,HIGH,LOW
autobahn-0.14.1/autobahn/websocket/types.py,184,Using type() instead of isinstance() for a typecheck.,Category.C,unidiomatic-typecheck,Use of assert detected. The enclosed code will be removed when compiling to optimised byte code.,HIGH,LOW
autobahn-0.14.1/autobahn/websocket/types.py,184,Using type() instead of isinstance() for a typecheck.,Category.C,unidiomatic-typecheck,Use of assert detected. The enclosed code will be removed when compiling to optimised byte code.,HIGH,LOW
autobahn-0.14.1/autobahn/websocket/types.py,187,Using type() instead of isinstance() for a typecheck.,Category.C,unidiomatic-typecheck,Use of assert detected. The enclosed code will be removed when compiling to optimised byte code.,HIGH,LOW
autobahn-0.14.1/autobahn/websocket/types.py,250,Using type() instead of isinstance() for a typecheck.,Category.C,unidiomatic-typecheck,Use of assert detected. The enclosed code will be removed when compiling to optimised byte code.,HIGH,LOW
autobahn-0.14.1/autobahn/websocket/types.py,251,Using type() instead of isinstance() for a typecheck.,Category.C,unidiomatic-typecheck,Use of assert detected. The enclosed code will be removed when compiling to optimised byte code.,HIGH,LOW
autobahn-0.14.1/autobahn/websocket/types.py,282,Using type() instead of isinstance() for a typecheck.,Category.C,unidiomatic-typecheck,Use of assert detected. The enclosed code will be removed when compiling to optimised byte code.,HIGH,LOW
autobahn-0.14.1/autobahn/websocket/types.py,283,Using type() instead of isinstance() for a typecheck.,Category.C,unidiomatic-typecheck,Use of assert detected. The enclosed code will be removed when compiling to optimised byte code.,HIGH,LOW
autobahn-0.14.1/autobahn/websocket/types.py,311,Using type() instead of isinstance() for a typecheck.,Category.C,unidiomatic-typecheck,Use of assert detected. The enclosed code will be removed when compiling to optimised byte code.,HIGH,LOW
autobahn-0.14.1/autobahn/websocket/types.py,312,Using type() instead of isinstance() for a typecheck.,Category.C,unidiomatic-typecheck,Use of assert detected. The enclosed code will be removed when compiling to optimised byte code.,HIGH,LOW
autobahn-0.14.1/autobahn/websocket/types.py,313,Using type() instead of isinstance() for a typecheck.,Category.C,unidiomatic-typecheck,Use of assert detected. The enclosed code will be removed when compiling to optimised byte code.,HIGH,LOW
autobahn-0.14.1/autobahn/websocket/types.py,333,Using type() instead of isinstance() for a typecheck.,Category.C,unidiomatic-typecheck,Use of assert detected. The enclosed code will be removed when compiling to optimised byte code.,HIGH,LOW
