filename,line_number,pylint_message,pylint_type,pylint_symbol,bandit_issue_text,bandit_issue_confidence,bandit_issue_severity
awscli-1.11.82/awscli/testutils.py,710,"Variable name ""p"" doesn't conform to snake_case naming style",Category.C,invalid-name,subprocess call - check for execution of untrusted input.,HIGH,LOW
awscli-1.11.82/awscli/customizations/emr/ssh.py,60,"Variable name ""rc"" doesn't conform to snake_case naming style",Category.C,invalid-name,subprocess call - check for execution of untrusted input.,HIGH,LOW
awscli-1.11.82/awscli/customizations/emr/ssh.py,106,"Variable name ""rc"" doesn't conform to snake_case naming style",Category.C,invalid-name,subprocess call - check for execution of untrusted input.,HIGH,LOW
awscli-1.11.82/awscli/customizations/emr/ssh.py,147,"Variable name ""rc"" doesn't conform to snake_case naming style",Category.C,invalid-name,subprocess call - check for execution of untrusted input.,HIGH,LOW
awscli-1.11.82/awscli/customizations/emr/ssh.py,186,"Variable name ""rc"" doesn't conform to snake_case naming style",Category.C,invalid-name,subprocess call - check for execution of untrusted input.,HIGH,LOW
