filename,line_number,pylint_message,pylint_type,pylint_symbol,bandit_issue_text,bandit_issue_confidence,bandit_issue_severity
birdhousebuilder.recipe.nginx-0.1.4/birdhousebuilder/recipe/nginx/__init__.py,29,"Wrong hanging indentation (remove 4 spaces).
            hashlib.md5(
        |   ^",Category.C,bad-continuation,"Use of insecure MD2, MD4, MD5, or SHA1 hash function.",HIGH,MEDIUM
birdhousebuilder.recipe.nginx-0.1.4/birdhousebuilder/recipe/nginx/__init__.py,11,"Constant name ""templ_config"" doesn't conform to UPPER_CASE naming style",Category.C,invalid-name,"Mako templates allow HTML/JS rendering by default and are inherently open to XSS attacks. Ensure variables in all templates are properly sanitized via the 'n', 'h' or 'x' flags (depending on context). For example, to HTML escape the variable 'data' do ${ data |h }.",HIGH,MEDIUM
birdhousebuilder.recipe.nginx-0.1.4/birdhousebuilder/recipe/nginx/__init__.py,12,"Constant name ""templ_proxy_config"" doesn't conform to UPPER_CASE naming style",Category.C,invalid-name,"Mako templates allow HTML/JS rendering by default and are inherently open to XSS attacks. Ensure variables in all templates are properly sanitized via the 'n', 'h' or 'x' flags (depending on context). For example, to HTML escape the variable 'data' do ${ data |h }.",HIGH,MEDIUM
birdhousebuilder.recipe.nginx-0.1.4/birdhousebuilder/recipe/nginx/__init__.py,13,"Constant name ""templ_start_stop"" doesn't conform to UPPER_CASE naming style",Category.C,invalid-name,"Mako templates allow HTML/JS rendering by default and are inherently open to XSS attacks. Ensure variables in all templates are properly sanitized via the 'n', 'h' or 'x' flags (depending on context). For example, to HTML escape the variable 'data' do ${ data |h }.",HIGH,MEDIUM
