filename,line_number,pylint_message,pylint_type,pylint_symbol,bandit_issue_text,bandit_issue_confidence,bandit_issue_severity
celery-4.0.0/celery/concurrency/asynpool.py,588,Access to a protected member _reader of a client class,Category.W,protected-access,Use of assert detected. The enclosed code will be removed when compiling to optimised byte code.,HIGH,LOW
celery-4.0.0/celery/concurrency/asynpool.py,1040,Access to a protected member _reader of a client class,Category.W,protected-access,Use of assert detected. The enclosed code will be removed when compiling to optimised byte code.,HIGH,LOW
celery-4.0.0/celery/concurrency/asynpool.py,1041,Access to a protected member _writer of a client class,Category.W,protected-access,Use of assert detected. The enclosed code will be removed when compiling to optimised byte code.,HIGH,LOW
celery-4.0.0/celery/concurrency/asynpool.py,1042,Access to a protected member _reader of a client class,Category.W,protected-access,Use of assert detected. The enclosed code will be removed when compiling to optimised byte code.,HIGH,LOW
celery-4.0.0/celery/concurrency/asynpool.py,1043,Access to a protected member _writer of a client class,Category.W,protected-access,Use of assert detected. The enclosed code will be removed when compiling to optimised byte code.,HIGH,LOW
celery-4.0.0/celery/concurrency/asynpool.py,1046,Access to a protected member _reader of a client class,Category.W,protected-access,Use of assert detected. The enclosed code will be removed when compiling to optimised byte code.,HIGH,LOW
celery-4.0.0/celery/concurrency/asynpool.py,1047,Access to a protected member _writer of a client class,Category.W,protected-access,Use of assert detected. The enclosed code will be removed when compiling to optimised byte code.,HIGH,LOW
celery-4.0.0/celery/concurrency/asynpool.py,1227,Access to a protected member _is_alive of a client class,Category.W,protected-access,Use of assert detected. The enclosed code will be removed when compiling to optimised byte code.,HIGH,LOW
celery-4.0.0/t/benchmarks/bench_worker.py,89,Unreachable code,Category.W,unreachable,Use of assert detected. The enclosed code will be removed when compiling to optimised byte code.,HIGH,LOW
celery-4.0.0/t/unit/app/test_amqp.py,36,Access to a protected member _resource of a client class,Category.W,protected-access,Use of assert detected. The enclosed code will be removed when compiling to optimised byte code.,HIGH,LOW
celery-4.0.0/t/unit/app/test_amqp.py,54,Access to a protected member _resource of a client class,Category.W,protected-access,Use of assert detected. The enclosed code will be removed when compiling to optimised byte code.,HIGH,LOW
celery-4.0.0/t/unit/app/test_amqp.py,113,Access to a protected member _consume_from of a client class,Category.W,protected-access,Use of assert detected. The enclosed code will be removed when compiling to optimised byte code.,HIGH,LOW
celery-4.0.0/t/unit/app/test_amqp.py,119,Access to a protected member _consume_from of a client class,Category.W,protected-access,Use of assert detected. The enclosed code will be removed when compiling to optimised byte code.,HIGH,LOW
celery-4.0.0/t/unit/app/test_amqp.py,72,Instance of 'test_Queues' has no 'app' member,Category.E,no-member,Use of assert detected. The enclosed code will be removed when compiling to optimised byte code.,HIGH,LOW
celery-4.0.0/t/unit/app/test_amqp.py,179,Instance of 'test_default_queues' has no 'app' member,Category.E,no-member,Use of assert detected. The enclosed code will be removed when compiling to optimised byte code.,HIGH,LOW
celery-4.0.0/t/unit/app/test_app.py,670,"Variable name ""r"" doesn't conform to snake_case naming style",Category.C,invalid-name,"Pickle and modules that wrap it can be unsafe when used to deserialize untrusted data, possible security issue.",HIGH,MEDIUM
celery-4.0.0/t/unit/app/test_app.py,949,Comparison should be pyimplementation() == 'CPython',Category.C,misplaced-comparison-constant,Use of assert detected. The enclosed code will be removed when compiling to optimised byte code.,HIGH,LOW
celery-4.0.0/t/unit/app/test_app.py,9,"standard import ""from pickle import loads, dumps"" should be placed before ""import pytest""",Category.C,wrong-import-order,Consider possible security implications associated with loads module.,HIGH,LOW
celery-4.0.0/t/unit/app/test_app.py,61,Access to a protected member _task_join_will_block of a client class,Category.W,protected-access,Use of assert detected. The enclosed code will be removed when compiling to optimised byte code.,HIGH,LOW
celery-4.0.0/t/unit/app/test_app.py,63,Access to a protected member _task_join_will_block of a client class,Category.W,protected-access,Use of assert detected. The enclosed code will be removed when compiling to optimised byte code.,HIGH,LOW
celery-4.0.0/t/unit/app/test_app.py,141,Access to a protected member _get_current_object of a client class,Category.W,protected-access,Use of assert detected. The enclosed code will be removed when compiling to optimised byte code.,HIGH,LOW
celery-4.0.0/t/unit/app/test_app.py,161,Access to a protected member _pending_defaults of a client class,Category.W,protected-access,Use of assert detected. The enclosed code will be removed when compiling to optimised byte code.,HIGH,LOW
celery-4.0.0/t/unit/app/test_app.py,165,Access to a protected member _pending_defaults of a client class,Category.W,protected-access,Use of assert detected. The enclosed code will be removed when compiling to optimised byte code.,HIGH,LOW
celery-4.0.0/t/unit/app/test_app.py,182,Access to a protected member _dirty of a client class,Category.W,protected-access,Use of assert detected. The enclosed code will be removed when compiling to optimised byte code.,HIGH,LOW
celery-4.0.0/t/unit/app/test_app.py,185,Access to a protected member _dirty of a client class,Category.W,protected-access,Use of assert detected. The enclosed code will be removed when compiling to optimised byte code.,HIGH,LOW
celery-4.0.0/t/unit/app/test_app.py,218,Access to a protected member _autodiscover_tasks of a client class,Category.W,protected-access,Use of assert detected. The enclosed code will be removed when compiling to optimised byte code.,HIGH,LOW
celery-4.0.0/t/unit/app/test_app.py,245,Access to a protected member _preconf of a client class,Category.W,protected-access,Use of assert detected. The enclosed code will be removed when compiling to optimised byte code.,HIGH,LOW
celery-4.0.0/t/unit/app/test_app.py,249,Access to a protected member _preconf of a client class,Category.W,protected-access,Use of assert detected. The enclosed code will be removed when compiling to optimised byte code.,HIGH,LOW
celery-4.0.0/t/unit/app/test_app.py,254,Access to a protected member _preconf of a client class,Category.W,protected-access,Use of assert detected. The enclosed code will be removed when compiling to optimised byte code.,HIGH,LOW
celery-4.0.0/t/unit/app/test_app.py,265,Access to a protected member _preconf of a client class,Category.W,protected-access,Use of assert detected. The enclosed code will be removed when compiling to optimised byte code.,HIGH,LOW
celery-4.0.0/t/unit/app/test_app.py,372,Access to a protected member _tls of a client class,Category.W,protected-access,Use of assert detected. The enclosed code will be removed when compiling to optimised byte code.,HIGH,LOW
celery-4.0.0/t/unit/app/test_app.py,546,Access to a protected member _conf of a client class,Category.W,protected-access,Use of assert detected. The enclosed code will be removed when compiling to optimised byte code.,HIGH,LOW
celery-4.0.0/t/unit/app/test_app.py,547,Access to a protected member _config_source of a client class,Category.W,protected-access,Use of assert detected. The enclosed code will be removed when compiling to optimised byte code.,HIGH,LOW
celery-4.0.0/t/unit/app/test_app.py,553,Access to a protected member _conf of a client class,Category.W,protected-access,Use of assert detected. The enclosed code will be removed when compiling to optimised byte code.,HIGH,LOW
celery-4.0.0/t/unit/app/test_app.py,672,Access to a protected member _get_current_object of a client class,Category.W,protected-access,Use of assert detected. The enclosed code will be removed when compiling to optimised byte code.,HIGH,LOW
celery-4.0.0/t/unit/app/test_app.py,675,Access to a protected member _get_active_apps of a client class,Category.W,protected-access,Use of assert detected. The enclosed code will be removed when compiling to optimised byte code.,HIGH,LOW
celery-4.0.0/t/unit/app/test_app.py,679,Access to a protected member _get_active_apps of a client class,Category.W,protected-access,Use of assert detected. The enclosed code will be removed when compiling to optimised byte code.,HIGH,LOW
celery-4.0.0/t/unit/app/test_app.py,760,Access to a protected member _pool of a client class,Category.W,protected-access,Use of assert detected. The enclosed code will be removed when compiling to optimised byte code.,HIGH,LOW
celery-4.0.0/t/unit/app/test_app.py,783,Access to a protected member _after_fork_registered of a client class,Category.W,protected-access,Use of assert detected. The enclosed code will be removed when compiling to optimised byte code.,HIGH,LOW
celery-4.0.0/t/unit/app/test_app.py,788,Access to a protected member _canvas of a client class,Category.W,protected-access,Use of assert detected. The enclosed code will be removed when compiling to optimised byte code.,HIGH,LOW
celery-4.0.0/t/unit/app/test_app.py,826,Access to a protected member _pending_periodic_tasks of a client class,Category.W,protected-access,Use of assert detected. The enclosed code will be removed when compiling to optimised byte code.,HIGH,LOW
celery-4.0.0/t/unit/app/test_app.py,838,Access to a protected member _pool of a client class,Category.W,protected-access,Use of assert detected. The enclosed code will be removed when compiling to optimised byte code.,HIGH,LOW
celery-4.0.0/t/unit/app/test_app.py,919,Access to a protected member _app_or_default_trace of a client class,Category.W,protected-access,Use of assert detected. The enclosed code will be removed when compiling to optimised byte code.,HIGH,LOW
celery-4.0.0/t/unit/app/test_app.py,921,Access to a protected member _app_or_default of a client class,Category.W,protected-access,Use of assert detected. The enclosed code will be removed when compiling to optimised byte code.,HIGH,LOW
celery-4.0.0/t/unit/app/test_app.py,968,Access to a protected member _get_current_object of a client class,Category.W,protected-access,Use of assert detected. The enclosed code will be removed when compiling to optimised byte code.,HIGH,LOW
celery-4.0.0/t/unit/app/test_app.py,154,Instance of 'test_App' has no 'app' member,Category.E,no-member,Use of assert detected. The enclosed code will be removed when compiling to optimised byte code.,HIGH,LOW
celery-4.0.0/t/unit/app/test_app.py,161,Instance of 'test_App' has no 'app' member,Category.E,no-member,Use of assert detected. The enclosed code will be removed when compiling to optimised byte code.,HIGH,LOW
celery-4.0.0/t/unit/app/test_app.py,162,Instance of 'test_App' has no 'app' member,Category.E,no-member,Use of assert detected. The enclosed code will be removed when compiling to optimised byte code.,HIGH,LOW
celery-4.0.0/t/unit/app/test_app.py,163,Instance of 'test_App' has no 'app' member,Category.E,no-member,Use of assert detected. The enclosed code will be removed when compiling to optimised byte code.,HIGH,LOW
celery-4.0.0/t/unit/app/test_app.py,164,Instance of 'test_App' has no 'app' member,Category.E,no-member,Use of assert detected. The enclosed code will be removed when compiling to optimised byte code.,HIGH,LOW
celery-4.0.0/t/unit/app/test_app.py,165,Instance of 'test_App' has no 'app' member,Category.E,no-member,Use of assert detected. The enclosed code will be removed when compiling to optimised byte code.,HIGH,LOW
celery-4.0.0/t/unit/app/test_app.py,168,Instance of 'test_App' has no 'app' member,Category.E,no-member,"Pickle and modules that wrap it can be unsafe when used to deserialize untrusted data, possible security issue.",HIGH,MEDIUM
celery-4.0.0/t/unit/app/test_app.py,175,Instance of 'test_App' has no 'app' member,Category.E,no-member,Use of assert detected. The enclosed code will be removed when compiling to optimised byte code.,HIGH,LOW
celery-4.0.0/t/unit/app/test_app.py,177,Instance of 'test_App' has no 'app' member,Category.E,no-member,Use of assert detected. The enclosed code will be removed when compiling to optimised byte code.,HIGH,LOW
celery-4.0.0/t/unit/app/test_app.py,178,Instance of 'test_App' has no 'app' member,Category.E,no-member,Use of assert detected. The enclosed code will be removed when compiling to optimised byte code.,HIGH,LOW
celery-4.0.0/t/unit/app/test_app.py,182,Instance of 'test_App' has no 'app' member,Category.E,no-member,Use of assert detected. The enclosed code will be removed when compiling to optimised byte code.,HIGH,LOW
celery-4.0.0/t/unit/app/test_app.py,185,Instance of 'test_App' has no 'app' member,Category.E,no-member,Use of assert detected. The enclosed code will be removed when compiling to optimised byte code.,HIGH,LOW
celery-4.0.0/t/unit/app/test_app.py,189,Instance of 'test_App' has no 'app' member,Category.E,no-member,Use of assert detected. The enclosed code will be removed when compiling to optimised byte code.,HIGH,LOW
celery-4.0.0/t/unit/app/test_app.py,189,Instance of 'test_App' has no 'app' member,Category.E,no-member,"Pickle and modules that wrap it can be unsafe when used to deserialize untrusted data, possible security issue.",HIGH,MEDIUM
celery-4.0.0/t/unit/app/test_app.py,218,Instance of 'test_App' has no 'app' member,Category.E,no-member,Use of assert detected. The enclosed code will be removed when compiling to optimised byte code.,HIGH,LOW
celery-4.0.0/t/unit/app/test_app.py,355,Instance of 'test_App' has no 'app' member,Category.E,no-member,Use of assert detected. The enclosed code will be removed when compiling to optimised byte code.,HIGH,LOW
celery-4.0.0/t/unit/app/test_app.py,358,Instance of 'test_App' has no 'app' member,Category.E,no-member,Use of assert detected. The enclosed code will be removed when compiling to optimised byte code.,HIGH,LOW
celery-4.0.0/t/unit/app/test_app.py,362,Instance of 'test_App' has no 'app' member,Category.E,no-member,Use of assert detected. The enclosed code will be removed when compiling to optimised byte code.,HIGH,LOW
celery-4.0.0/t/unit/app/test_app.py,383,Instance of 'test_App' has no 'app' member,Category.E,no-member,Use of assert detected. The enclosed code will be removed when compiling to optimised byte code.,HIGH,LOW
celery-4.0.0/t/unit/app/test_app.py,457,Instance of 'test_App' has no 'app' member,Category.E,no-member,Use of assert detected. The enclosed code will be removed when compiling to optimised byte code.,HIGH,LOW
celery-4.0.0/t/unit/app/test_app.py,534,Instance of 'test_App' has no 'app' member,Category.E,no-member,Use of assert detected. The enclosed code will be removed when compiling to optimised byte code.,HIGH,LOW
celery-4.0.0/t/unit/app/test_app.py,537,Instance of 'test_App' has no 'app' member,Category.E,no-member,Use of assert detected. The enclosed code will be removed when compiling to optimised byte code.,HIGH,LOW
celery-4.0.0/t/unit/app/test_app.py,538,Instance of 'test_App' has no 'app' member,Category.E,no-member,Use of assert detected. The enclosed code will be removed when compiling to optimised byte code.,HIGH,LOW
celery-4.0.0/t/unit/app/test_app.py,539,Instance of 'test_App' has no 'app' member,Category.E,no-member,Use of assert detected. The enclosed code will be removed when compiling to optimised byte code.,HIGH,LOW
celery-4.0.0/t/unit/app/test_app.py,540,Instance of 'test_App' has no 'app' member,Category.E,no-member,Use of assert detected. The enclosed code will be removed when compiling to optimised byte code.,HIGH,LOW
celery-4.0.0/t/unit/app/test_app.py,541,Instance of 'test_App' has no 'app' member,Category.E,no-member,Use of assert detected. The enclosed code will be removed when compiling to optimised byte code.,HIGH,LOW
celery-4.0.0/t/unit/app/test_app.py,546,Instance of 'test_App' has no 'app' member,Category.E,no-member,Use of assert detected. The enclosed code will be removed when compiling to optimised byte code.,HIGH,LOW
celery-4.0.0/t/unit/app/test_app.py,547,Instance of 'test_App' has no 'app' member,Category.E,no-member,Use of assert detected. The enclosed code will be removed when compiling to optimised byte code.,HIGH,LOW
celery-4.0.0/t/unit/app/test_app.py,553,Instance of 'test_App' has no 'app' member,Category.E,no-member,Use of assert detected. The enclosed code will be removed when compiling to optimised byte code.,HIGH,LOW
celery-4.0.0/t/unit/app/test_app.py,565,Instance of 'test_App' has no 'app' member,Category.E,no-member,Use of assert detected. The enclosed code will be removed when compiling to optimised byte code.,HIGH,LOW
celery-4.0.0/t/unit/app/test_app.py,566,Instance of 'test_App' has no 'app' member,Category.E,no-member,Use of assert detected. The enclosed code will be removed when compiling to optimised byte code.,HIGH,LOW
celery-4.0.0/t/unit/app/test_app.py,567,Instance of 'test_App' has no 'app' member,Category.E,no-member,Use of assert detected. The enclosed code will be removed when compiling to optimised byte code.,HIGH,LOW
celery-4.0.0/t/unit/app/test_app.py,568,Instance of 'test_App' has no 'app' member,Category.E,no-member,Use of assert detected. The enclosed code will be removed when compiling to optimised byte code.,HIGH,LOW
celery-4.0.0/t/unit/app/test_app.py,577,Instance of 'test_App' has no 'app' member,Category.E,no-member,Use of assert detected. The enclosed code will be removed when compiling to optimised byte code.,HIGH,LOW
celery-4.0.0/t/unit/app/test_app.py,578,Instance of 'test_App' has no 'app' member,Category.E,no-member,Use of assert detected. The enclosed code will be removed when compiling to optimised byte code.,HIGH,LOW
celery-4.0.0/t/unit/app/test_app.py,579,Instance of 'test_App' has no 'app' member,Category.E,no-member,Use of assert detected. The enclosed code will be removed when compiling to optimised byte code.,HIGH,LOW
celery-4.0.0/t/unit/app/test_app.py,580,Instance of 'test_App' has no 'app' member,Category.E,no-member,Use of assert detected. The enclosed code will be removed when compiling to optimised byte code.,HIGH,LOW
celery-4.0.0/t/unit/app/test_app.py,581,Instance of 'test_App' has no 'app' member,Category.E,no-member,Use of assert detected. The enclosed code will be removed when compiling to optimised byte code.,HIGH,LOW
celery-4.0.0/t/unit/app/test_app.py,590,Instance of 'test_App' has no 'app' member,Category.E,no-member,Use of assert detected. The enclosed code will be removed when compiling to optimised byte code.,HIGH,LOW
celery-4.0.0/t/unit/app/test_app.py,599,Instance of 'test_App' has no 'app' member,Category.E,no-member,Use of assert detected. The enclosed code will be removed when compiling to optimised byte code.,HIGH,LOW
celery-4.0.0/t/unit/app/test_app.py,637,Instance of 'test_App' has no 'app' member,Category.E,no-member,Use of assert detected. The enclosed code will be removed when compiling to optimised byte code.,HIGH,LOW
celery-4.0.0/t/unit/app/test_app.py,638,Instance of 'test_App' has no 'app' member,Category.E,no-member,Use of assert detected. The enclosed code will be removed when compiling to optimised byte code.,HIGH,LOW
celery-4.0.0/t/unit/app/test_app.py,639,Instance of 'test_App' has no 'app' member,Category.E,no-member,Use of assert detected. The enclosed code will be removed when compiling to optimised byte code.,HIGH,LOW
celery-4.0.0/t/unit/app/test_app.py,640,Instance of 'test_App' has no 'app' member,Category.E,no-member,Use of assert detected. The enclosed code will be removed when compiling to optimised byte code.,HIGH,LOW
celery-4.0.0/t/unit/app/test_app.py,641,Instance of 'test_App' has no 'app' member,Category.E,no-member,Use of assert detected. The enclosed code will be removed when compiling to optimised byte code.,HIGH,LOW
celery-4.0.0/t/unit/app/test_app.py,642,Instance of 'test_App' has no 'app' member,Category.E,no-member,Use of assert detected. The enclosed code will be removed when compiling to optimised byte code.,HIGH,LOW
celery-4.0.0/t/unit/app/test_app.py,649,Instance of 'test_App' has no 'app' member,Category.E,no-member,Use of assert detected. The enclosed code will be removed when compiling to optimised byte code.,HIGH,LOW
celery-4.0.0/t/unit/app/test_app.py,652,Instance of 'test_App' has no 'app' member,Category.E,no-member,Use of assert detected. The enclosed code will be removed when compiling to optimised byte code.,HIGH,LOW
celery-4.0.0/t/unit/app/test_app.py,656,Instance of 'test_App' has no 'app' member,Category.E,no-member,Use of assert detected. The enclosed code will be removed when compiling to optimised byte code.,HIGH,LOW
celery-4.0.0/t/unit/app/test_app.py,660,Instance of 'test_App' has no 'app' member,Category.E,no-member,Use of assert detected. The enclosed code will be removed when compiling to optimised byte code.,HIGH,LOW
celery-4.0.0/t/unit/app/test_app.py,664,Instance of 'test_App' has no 'app' member,Category.E,no-member,Use of assert detected. The enclosed code will be removed when compiling to optimised byte code.,HIGH,LOW
celery-4.0.0/t/unit/app/test_app.py,669,Instance of 'test_App' has no 'app' member,Category.E,no-member,Use of assert detected. The enclosed code will be removed when compiling to optimised byte code.,HIGH,LOW
celery-4.0.0/t/unit/app/test_app.py,690,Instance of 'test_App' has no 'app' member,Category.E,no-member,Use of assert detected. The enclosed code will be removed when compiling to optimised byte code.,HIGH,LOW
celery-4.0.0/t/unit/app/test_app.py,697,Instance of 'test_App' has no 'app' member,Category.E,no-member,Use of assert detected. The enclosed code will be removed when compiling to optimised byte code.,HIGH,LOW
celery-4.0.0/t/unit/app/test_app.py,698,Instance of 'test_App' has no 'app' member,Category.E,no-member,Use of assert detected. The enclosed code will be removed when compiling to optimised byte code.,HIGH,LOW
celery-4.0.0/t/unit/app/test_app.py,699,Instance of 'test_App' has no 'app' member,Category.E,no-member,Use of assert detected. The enclosed code will be removed when compiling to optimised byte code.,HIGH,LOW
celery-4.0.0/t/unit/app/test_app.py,704,Instance of 'test_App' has no 'app' member,Category.E,no-member,Use of assert detected. The enclosed code will be removed when compiling to optimised byte code.,HIGH,LOW
celery-4.0.0/t/unit/app/test_app.py,707,Instance of 'test_App' has no 'app' member,Category.E,no-member,Use of assert detected. The enclosed code will be removed when compiling to optimised byte code.,HIGH,LOW
celery-4.0.0/t/unit/app/test_app.py,708,Instance of 'test_App' has no 'app' member,Category.E,no-member,Use of assert detected. The enclosed code will be removed when compiling to optimised byte code.,HIGH,LOW
celery-4.0.0/t/unit/app/test_app.py,709,Instance of 'test_App' has no 'app' member,Category.E,no-member,Use of assert detected. The enclosed code will be removed when compiling to optimised byte code.,HIGH,LOW
celery-4.0.0/t/unit/app/test_app.py,740,Instance of 'test_App' has no 'app' member,Category.E,no-member,Use of assert detected. The enclosed code will be removed when compiling to optimised byte code.,HIGH,LOW
celery-4.0.0/t/unit/app/test_app.py,745,Instance of 'test_App' has no 'app' member,Category.E,no-member,Use of assert detected. The enclosed code will be removed when compiling to optimised byte code.,HIGH,LOW
celery-4.0.0/t/unit/app/test_app.py,753,Instance of 'test_App' has no 'app' member,Category.E,no-member,Use of assert detected. The enclosed code will be removed when compiling to optimised byte code.,HIGH,LOW
celery-4.0.0/t/unit/app/test_app.py,760,Instance of 'test_App' has no 'app' member,Category.E,no-member,Use of assert detected. The enclosed code will be removed when compiling to optimised byte code.,HIGH,LOW
celery-4.0.0/t/unit/app/test_app.py,783,Instance of 'test_App' has no 'app' member,Category.E,no-member,Use of assert detected. The enclosed code will be removed when compiling to optimised byte code.,HIGH,LOW
celery-4.0.0/t/unit/app/test_app.py,788,Instance of 'test_App' has no 'app' member,Category.E,no-member,Use of assert detected. The enclosed code will be removed when compiling to optimised byte code.,HIGH,LOW
celery-4.0.0/t/unit/app/test_app.py,792,Instance of 'test_App' has no 'app' member,Category.E,no-member,Use of assert detected. The enclosed code will be removed when compiling to optimised byte code.,HIGH,LOW
celery-4.0.0/t/unit/app/test_app.py,821,Instance of 'test_App' has no 'app' member,Category.E,no-member,Use of assert detected. The enclosed code will be removed when compiling to optimised byte code.,HIGH,LOW
celery-4.0.0/t/unit/app/test_app.py,826,Instance of 'test_App' has no 'app' member,Category.E,no-member,Use of assert detected. The enclosed code will be removed when compiling to optimised byte code.,HIGH,LOW
celery-4.0.0/t/unit/app/test_app.py,827,Instance of 'test_App' has no 'app' member,Category.E,no-member,Use of assert detected. The enclosed code will be removed when compiling to optimised byte code.,HIGH,LOW
celery-4.0.0/t/unit/app/test_app.py,830,Instance of 'test_App' has no 'app' member,Category.E,no-member,Use of assert detected. The enclosed code will be removed when compiling to optimised byte code.,HIGH,LOW
celery-4.0.0/t/unit/app/test_app.py,832,Instance of 'test_App' has no 'app' member,Category.E,no-member,Use of assert detected. The enclosed code will be removed when compiling to optimised byte code.,HIGH,LOW
celery-4.0.0/t/unit/app/test_app.py,833,Instance of 'test_App' has no 'app' member,Category.E,no-member,Use of assert detected. The enclosed code will be removed when compiling to optimised byte code.,HIGH,LOW
celery-4.0.0/t/unit/app/test_app.py,838,Instance of 'test_App' has no 'app' member,Category.E,no-member,Use of assert detected. The enclosed code will be removed when compiling to optimised byte code.,HIGH,LOW
celery-4.0.0/t/unit/app/test_app.py,841,Instance of 'test_App' has no 'app' member,Category.E,no-member,Use of assert detected. The enclosed code will be removed when compiling to optimised byte code.,HIGH,LOW
celery-4.0.0/t/unit/app/test_beat.py,5,"standard import ""from pickle import dumps, loads"" should be placed before ""import pytest""",Category.C,wrong-import-order,Consider possible security implications associated with dumps module.,HIGH,LOW
celery-4.0.0/t/unit/app/test_beat.py,170,Access to a protected member _get_app of a client class,Category.W,protected-access,Use of assert detected. The enclosed code will be removed when compiling to optimised byte code.,HIGH,LOW
celery-4.0.0/t/unit/app/test_beat.py,208,Access to a protected member _tasks_since_sync of a client class,Category.W,protected-access,Use of assert detected. The enclosed code will be removed when compiling to optimised byte code.,HIGH,LOW
celery-4.0.0/t/unit/app/test_beat.py,226,Access to a protected member _tasks_since_sync of a client class,Category.W,protected-access,Use of assert detected. The enclosed code will be removed when compiling to optimised byte code.,HIGH,LOW
celery-4.0.0/t/unit/app/test_beat.py,243,Access to a protected member _maybe_entry of a client class,Category.W,protected-access,Use of assert detected. The enclosed code will be removed when compiling to optimised byte code.,HIGH,LOW
celery-4.0.0/t/unit/app/test_beat.py,244,Access to a protected member _maybe_entry of a client class,Category.W,protected-access,Use of assert detected. The enclosed code will be removed when compiling to optimised byte code.,HIGH,LOW
celery-4.0.0/t/unit/app/test_beat.py,254,Access to a protected member _ensure_connected of a client class,Category.W,protected-access,Use of assert detected. The enclosed code will be removed when compiling to optimised byte code.,HIGH,LOW
celery-4.0.0/t/unit/app/test_beat.py,340,Access to a protected member _next_run_at of a client class,Category.W,protected-access,Use of assert detected. The enclosed code will be removed when compiling to optimised byte code.,HIGH,LOW
celery-4.0.0/t/unit/app/test_beat.py,419,Access to a protected member _store of a client class,Category.W,protected-access,Use of assert detected. The enclosed code will be removed when compiling to optimised byte code.,HIGH,LOW
celery-4.0.0/t/unit/app/test_beat.py,444,Access to a protected member _is_stopped of a client class,Category.W,protected-access,Use of assert detected. The enclosed code will be removed when compiling to optimised byte code.,HIGH,LOW
celery-4.0.0/t/unit/app/test_beat.py,447,Access to a protected member _is_shutdown of a client class,Category.W,protected-access,Use of assert detected. The enclosed code will be removed when compiling to optimised byte code.,HIGH,LOW
celery-4.0.0/t/unit/app/test_beat.py,449,Access to a protected member _is_shutdown of a client class,Category.W,protected-access,Use of assert detected. The enclosed code will be removed when compiling to optimised byte code.,HIGH,LOW
celery-4.0.0/t/unit/app/test_beat.py,472,Access to a protected member _is_shutdown of a client class,Category.W,protected-access,Use of assert detected. The enclosed code will be removed when compiling to optimised byte code.,HIGH,LOW
celery-4.0.0/t/unit/app/test_beat.py,478,Access to a protected member _is_shutdown of a client class,Category.W,protected-access,Use of assert detected. The enclosed code will be removed when compiling to optimised byte code.,HIGH,LOW
celery-4.0.0/t/unit/app/test_beat.py,505,Access to a protected member _popen of a client class,Category.W,protected-access,Use of assert detected. The enclosed code will be removed when compiling to optimised byte code.,HIGH,LOW
celery-4.0.0/t/unit/app/test_beat.py,65,Instance of 'test_ScheduleEntry' has no 'app' member,Category.E,no-member,Use of assert detected. The enclosed code will be removed when compiling to optimised byte code.,HIGH,LOW
celery-4.0.0/t/unit/app/test_beat.py,66,Instance of 'test_ScheduleEntry' has no 'app' member,Category.E,no-member,Use of assert detected. The enclosed code will be removed when compiling to optimised byte code.,HIGH,LOW
celery-4.0.0/t/unit/app/test_control.py,71,Access to a protected member _prepare of a client class,Category.W,protected-access,Use of assert detected. The enclosed code will be removed when compiling to optimised byte code.,HIGH,LOW
celery-4.0.0/t/unit/app/test_loaders.py,81,Access to a protected member _conf of a client class,Category.W,protected-access,Use of assert detected. The enclosed code will be removed when compiling to optimised byte code.,HIGH,LOW
celery-4.0.0/t/unit/app/test_loaders.py,54,Instance of 'test_LoaderBase' has no 'app' member,Category.E,no-member,Use of assert detected. The enclosed code will be removed when compiling to optimised byte code.,HIGH,LOW
celery-4.0.0/t/unit/app/test_log.py,44,Instance of 'Record' has no 'task_name' member,Category.E,no-member,Use of assert detected. The enclosed code will be removed when compiling to optimised byte code.,HIGH,LOW
celery-4.0.0/t/unit/app/test_log.py,45,Instance of 'Record' has no 'task_id' member,Category.E,no-member,Use of assert detected. The enclosed code will be removed when compiling to optimised byte code.,HIGH,LOW
celery-4.0.0/t/unit/app/test_log.py,198,Instance of 'test_default_logger' has no 'app' member,Category.E,no-member,Use of assert detected. The enclosed code will be removed when compiling to optimised byte code.,HIGH,LOW
celery-4.0.0/t/unit/app/test_registry.py,32,Instance of 'test_TaskRegistry' has no 'app' member,Category.E,no-member,Use of assert detected. The enclosed code will be removed when compiling to optimised byte code.,HIGH,LOW
celery-4.0.0/t/unit/app/test_registry.py,69,Instance of 'test_TaskRegistry' has no 'app' member,Category.E,no-member,Use of assert detected. The enclosed code will be removed when compiling to optimised byte code.,HIGH,LOW
celery-4.0.0/t/unit/app/test_registry.py,70,Instance of 'test_TaskRegistry' has no 'app' member,Category.E,no-member,Use of assert detected. The enclosed code will be removed when compiling to optimised byte code.,HIGH,LOW
celery-4.0.0/t/unit/app/test_schedules.py,8,"standard import ""from pickle import dumps, loads"" should be placed before ""import pytest""",Category.C,wrong-import-order,Consider possible security implications associated with dumps module.,HIGH,LOW
celery-4.0.0/t/unit/app/test_schedules.py,190,Access to a protected member _expand_cronspec of a client class,Category.W,protected-access,Use of assert detected. The enclosed code will be removed when compiling to optimised byte code.,HIGH,LOW
celery-4.0.0/t/unit/app/test_schedules.py,191,Access to a protected member _expand_cronspec of a client class,Category.W,protected-access,Use of assert detected. The enclosed code will be removed when compiling to optimised byte code.,HIGH,LOW
celery-4.0.0/t/unit/app/test_schedules.py,41,Instance of 'test_solar' has no 'app' member,Category.E,no-member,Use of assert detected. The enclosed code will be removed when compiling to optimised byte code.,HIGH,LOW
celery-4.0.0/t/unit/app/test_schedules.py,42,Instance of 'test_solar' has no 'app' member,Category.E,no-member,Use of assert detected. The enclosed code will be removed when compiling to optimised byte code.,HIGH,LOW
celery-4.0.0/t/unit/app/test_utils.py,18,Instance of 'test_Settings' has no 'app' member,Category.E,no-member,Use of assert detected. The enclosed code will be removed when compiling to optimised byte code.,HIGH,LOW
celery-4.0.0/t/unit/app/test_utils.py,22,Instance of 'test_Settings' has no 'app' member,Category.E,no-member,Use of assert detected. The enclosed code will be removed when compiling to optimised byte code.,HIGH,LOW
celery-4.0.0/t/unit/app/test_utils.py,26,Instance of 'test_Settings' has no 'app' member,Category.E,no-member,Use of assert detected. The enclosed code will be removed when compiling to optimised byte code.,HIGH,LOW
celery-4.0.0/t/unit/app/test_utils.py,30,Instance of 'test_Settings' has no 'app' member,Category.E,no-member,Use of assert detected. The enclosed code will be removed when compiling to optimised byte code.,HIGH,LOW
celery-4.0.0/t/unit/app/test_utils.py,31,Instance of 'test_Settings' has no 'app' member,Category.E,no-member,Use of assert detected. The enclosed code will be removed when compiling to optimised byte code.,HIGH,LOW
celery-4.0.0/t/unit/app/test_utils.py,32,Instance of 'test_Settings' has no 'app' member,Category.E,no-member,Use of assert detected. The enclosed code will be removed when compiling to optimised byte code.,HIGH,LOW
celery-4.0.0/t/unit/app/test_utils.py,33,Instance of 'test_Settings' has no 'app' member,Category.E,no-member,Use of assert detected. The enclosed code will be removed when compiling to optimised byte code.,HIGH,LOW
celery-4.0.0/t/unit/apps/test_multi.py,16,Access to a protected member _parse_ns_range of a client class,Category.W,protected-access,Use of assert detected. The enclosed code will be removed when compiling to optimised byte code.,HIGH,LOW
celery-4.0.0/t/unit/apps/test_multi.py,17,Access to a protected member _parse_ns_range of a client class,Category.W,protected-access,Use of assert detected. The enclosed code will be removed when compiling to optimised byte code.,HIGH,LOW
celery-4.0.0/t/unit/apps/test_multi.py,18,Access to a protected member _parse_ns_range of a client class,Category.W,protected-access,Use of assert detected. The enclosed code will be removed when compiling to optimised byte code.,HIGH,LOW
celery-4.0.0/t/unit/apps/test_multi.py,335,Access to a protected member _start_node of a client class,Category.W,protected-access,Use of assert detected. The enclosed code will be removed when compiling to optimised byte code.,HIGH,LOW
celery-4.0.0/t/unit/backends/test_amqp.py,8,"standard import ""from pickle import dumps, loads"" should be placed before ""import pytest""",Category.C,wrong-import-order,Consider possible security implications associated with dumps module.,HIGH,LOW
celery-4.0.0/t/unit/backends/test_amqp.py,8,Imports from package pickle are not grouped,Category.C,ungrouped-imports,Consider possible security implications associated with dumps module.,HIGH,LOW
celery-4.0.0/t/unit/backends/test_amqp.py,57,Access to a protected member _cache of a client class,Category.W,protected-access,Use of assert detected. The enclosed code will be removed when compiling to optimised byte code.,HIGH,LOW
celery-4.0.0/t/unit/backends/test_amqp.py,224,Access to a protected member _cache of a client class,Category.W,protected-access,Use of assert detected. The enclosed code will be removed when compiling to optimised byte code.,HIGH,LOW
celery-4.0.0/t/unit/backends/test_base.py,190,Access to a protected member _data of a client class,Category.W,protected-access,Use of assert detected. The enclosed code will be removed when compiling to optimised byte code.,HIGH,LOW
celery-4.0.0/t/unit/backends/test_base.py,350,Access to a protected member _strip_prefix of a client class,Category.W,protected-access,Use of assert detected. The enclosed code will be removed when compiling to optimised byte code.,HIGH,LOW
celery-4.0.0/t/unit/backends/test_base.py,351,Access to a protected member _strip_prefix of a client class,Category.W,protected-access,Use of assert detected. The enclosed code will be removed when compiling to optimised byte code.,HIGH,LOW
celery-4.0.0/t/unit/backends/test_base.py,430,Access to a protected member _filter_ready of a client class,Category.W,protected-access,Use of assert detected. The enclosed code will be removed when compiling to optimised byte code.,HIGH,LOW
celery-4.0.0/t/unit/backends/test_base.py,88,Instance of 'test_BaseBackend_interface' has no 'app' member,Category.E,no-member,Use of assert detected. The enclosed code will be removed when compiling to optimised byte code.,HIGH,LOW
celery-4.0.0/t/unit/backends/test_base.py,250,Instance of 'test_BaseBackend_dict' has no 'app' member,Category.E,no-member,Use of assert detected. The enclosed code will be removed when compiling to optimised byte code.,HIGH,LOW
celery-4.0.0/t/unit/backends/test_base.py,254,Instance of 'test_BaseBackend_dict' has no 'app' member,Category.E,no-member,Use of assert detected. The enclosed code will be removed when compiling to optimised byte code.,HIGH,LOW
celery-4.0.0/t/unit/backends/test_base.py,257,Instance of 'test_BaseBackend_dict' has no 'app' member,Category.E,no-member,Use of assert detected. The enclosed code will be removed when compiling to optimised byte code.,HIGH,LOW
celery-4.0.0/t/unit/backends/test_base.py,564,Instance of 'test_KeyValueStoreBackend_interface' has no 'app' member,Category.E,no-member,Use of assert detected. The enclosed code will be removed when compiling to optimised byte code.,HIGH,LOW
celery-4.0.0/t/unit/backends/test_base.py,589,Instance of 'test_DisabledBackend' has no 'app' member,Category.E,no-member,Use of assert detected. The enclosed code will be removed when compiling to optimised byte code.,HIGH,LOW
celery-4.0.0/t/unit/backends/test_cache.py,220,Access to a protected member _imp of a client class,Category.W,protected-access,Use of assert detected. The enclosed code will be removed when compiling to optimised byte code.,HIGH,LOW
celery-4.0.0/t/unit/backends/test_cassandra.py,3,"standard import ""from pickle import loads, dumps"" should be placed before ""import pytest""",Category.C,wrong-import-order,Consider possible security implications associated with loads module.,HIGH,LOW
celery-4.0.0/t/unit/backends/test_cassandra.py,95,Access to a protected member _connection of a client class,Category.W,protected-access,Use of assert detected. The enclosed code will be removed when compiling to optimised byte code.,HIGH,LOW
celery-4.0.0/t/unit/backends/test_cassandra.py,96,Access to a protected member _session of a client class,Category.W,protected-access,Use of assert detected. The enclosed code will be removed when compiling to optimised byte code.,HIGH,LOW
celery-4.0.0/t/unit/backends/test_cassandra.py,125,Access to a protected member _connection of a client class,Category.W,protected-access,Use of assert detected. The enclosed code will be removed when compiling to optimised byte code.,HIGH,LOW
celery-4.0.0/t/unit/backends/test_cassandra.py,126,Access to a protected member _session of a client class,Category.W,protected-access,Use of assert detected. The enclosed code will be removed when compiling to optimised byte code.,HIGH,LOW
celery-4.0.0/t/unit/backends/test_cassandra.py,59,Instance of 'test_CassandraBackend' has no 'app' member,Category.E,no-member,Use of assert detected. The enclosed code will be removed when compiling to optimised byte code.,HIGH,LOW
celery-4.0.0/t/unit/backends/test_cassandra.py,59,Instance of 'test_CassandraBackend' has no 'app' member,Category.E,no-member,"Pickle and modules that wrap it can be unsafe when used to deserialize untrusted data, possible security issue.",HIGH,MEDIUM
celery-4.0.0/t/unit/backends/test_couchbase.py,48,Access to a protected member _connection of a client class,Category.W,protected-access,Use of assert detected. The enclosed code will be removed when compiling to optimised byte code.,HIGH,LOW
celery-4.0.0/t/unit/backends/test_couchdb.py,35,"Bad indentation. Found 12 spaces, expected 8",Category.W,bad-indentation,Use of assert detected. The enclosed code will be removed when compiling to optimised byte code.,HIGH,LOW
celery-4.0.0/t/unit/backends/test_couchdb.py,35,Access to a protected member _connection of a client class,Category.W,protected-access,Use of assert detected. The enclosed code will be removed when compiling to optimised byte code.,HIGH,LOW
celery-4.0.0/t/unit/backends/test_database.py,6,"standard import ""from pickle import loads, dumps"" should be placed before ""import pytest""",Category.C,wrong-import-order,Consider possible security implications associated with loads module.,HIGH,LOW
celery-4.0.0/t/unit/backends/test_database.py,206,Value 'None' doesn't support membership test,Category.E,unsupported-membership-test,Use of assert detected. The enclosed code will be removed when compiling to optimised byte code.,HIGH,LOW
celery-4.0.0/t/unit/backends/test_filesystem.py,74,Do not use `len(SEQUENCE)` to determine if a sequence is empty,Category.C,len-as-condition,Use of assert detected. The enclosed code will be removed when compiling to optimised byte code.,HIGH,LOW
celery-4.0.0/t/unit/backends/test_mongodb.py,7,"standard import ""from pickle import loads, dumps"" should be placed before ""import pytest""",Category.C,wrong-import-order,Consider possible security implications associated with loads module.,HIGH,LOW
celery-4.0.0/t/unit/backends/test_mongodb.py,72,Access to a protected member _prepare_client_options of a client class,Category.W,protected-access,Use of assert detected. The enclosed code will be removed when compiling to optimised byte code.,HIGH,LOW
celery-4.0.0/t/unit/backends/test_mongodb.py,138,Access to a protected member _connection of a client class,Category.W,protected-access,Use of assert detected. The enclosed code will be removed when compiling to optimised byte code.,HIGH,LOW
celery-4.0.0/t/unit/backends/test_redis.py,5,"standard import ""from pickle import loads, dumps"" should be placed before ""import pytest""",Category.C,wrong-import-order,Consider possible security implications associated with loads module.,HIGH,LOW
celery-4.0.0/t/unit/backends/test_redis.py,250,Access to a protected member _ConnectionPool of a client class,Category.W,protected-access,Use of assert detected. The enclosed code will be removed when compiling to optimised byte code.,HIGH,LOW
celery-4.0.0/t/unit/backends/test_redis.py,271,Instance of 'test_RedisBackend' has no 'app' member,Category.E,no-member,Use of assert detected. The enclosed code will be removed when compiling to optimised byte code.,HIGH,LOW
celery-4.0.0/t/unit/backends/test_riak.py,45,Access to a protected member _client of a client class,Category.W,protected-access,Use of assert detected. The enclosed code will be removed when compiling to optimised byte code.,HIGH,LOW
celery-4.0.0/t/unit/backends/test_riak.py,37,Instance of 'test_RiakBackend' has no 'app' member,Category.E,no-member,Use of assert detected. The enclosed code will be removed when compiling to optimised byte code.,HIGH,LOW
celery-4.0.0/t/unit/backends/test_rpc.py,71,Access to a protected member _create_binding of a client class,Category.W,protected-access,Use of assert detected. The enclosed code will be removed when compiling to optimised byte code.,HIGH,LOW
celery-4.0.0/t/unit/backends/test_rpc.py,18,Instance of 'test_RPCBackend' has no 'app' member,Category.E,no-member,Use of assert detected. The enclosed code will be removed when compiling to optimised byte code.,HIGH,LOW
celery-4.0.0/t/unit/bin/test_amqp.py,148,Instance of 'test_AMQShell' has no 'app' member,Category.E,no-member,Use of assert detected. The enclosed code will be removed when compiling to optimised byte code.,HIGH,LOW
celery-4.0.0/t/unit/bin/test_base.py,75,Access to a protected member _format_epilog of a client class,Category.W,protected-access,Use of assert detected. The enclosed code will be removed when compiling to optimised byte code.,HIGH,LOW
celery-4.0.0/t/unit/bin/test_base.py,76,Access to a protected member _format_epilog of a client class,Category.W,protected-access,Use of assert detected. The enclosed code will be removed when compiling to optimised byte code.,HIGH,LOW
celery-4.0.0/t/unit/bin/test_base.py,79,Access to a protected member _format_description of a client class,Category.W,protected-access,Use of assert detected. The enclosed code will be removed when compiling to optimised byte code.,HIGH,LOW
celery-4.0.0/t/unit/bin/test_base.py,301,Access to a protected member _get_default_app of a client class,Category.W,protected-access,Use of assert detected. The enclosed code will be removed when compiling to optimised byte code.,HIGH,LOW
celery-4.0.0/t/unit/bin/test_base.py,313,Instance of 'str' has no 'enabled' member,Category.E,no-member,Use of assert detected. The enclosed code will be removed when compiling to optimised byte code.,HIGH,LOW
celery-4.0.0/t/unit/bin/test_beat.py,41,Instance of 'test_Beat' has no 'app' member,Category.E,no-member,Use of assert detected. The enclosed code will be removed when compiling to optimised byte code.,HIGH,LOW
celery-4.0.0/t/unit/bin/test_celery.py,175,Access to a protected member _relocate_args_from_start of a client class,Category.W,protected-access,Use of assert detected. The enclosed code will be removed when compiling to optimised byte code.,HIGH,LOW
celery-4.0.0/t/unit/bin/test_celery.py,187,Access to a protected member _relocate_args_from_start of a client class,Category.W,protected-access,Use of assert detected. The enclosed code will be removed when compiling to optimised byte code.,HIGH,LOW
celery-4.0.0/t/unit/bin/test_celery.py,259,Instance of 'test_multi' has no 'app' member,Category.E,no-member,Use of assert detected. The enclosed code will be removed when compiling to optimised byte code.,HIGH,LOW
celery-4.0.0/t/unit/bin/test_celeryd_detach.py,86,Access to a protected member _option_string_actions of a client class,Category.W,protected-access,Use of assert detected. The enclosed code will be removed when compiling to optimised byte code.,HIGH,LOW
celery-4.0.0/t/unit/bin/test_control.py,19,Instance of 'test_inspect' has no 'app' member,Category.E,no-member,Use of assert detected. The enclosed code will be removed when compiling to optimised byte code.,HIGH,LOW
celery-4.0.0/t/unit/bin/test_control.py,29,Instance of 'test_inspect' has no 'app' member,Category.E,no-member,Use of assert detected. The enclosed code will be removed when compiling to optimised byte code.,HIGH,LOW
celery-4.0.0/t/unit/bin/test_control.py,30,Instance of 'test_inspect' has no 'app' member,Category.E,no-member,Use of assert detected. The enclosed code will be removed when compiling to optimised byte code.,HIGH,LOW
celery-4.0.0/t/unit/bin/test_control.py,33,Instance of 'test_inspect' has no 'app' member,Category.E,no-member,Use of assert detected. The enclosed code will be removed when compiling to optimised byte code.,HIGH,LOW
celery-4.0.0/t/unit/bin/test_multi.py,44,Access to a protected member _find_sig_argument of a client class,Category.W,protected-access,Use of assert detected. The enclosed code will be removed when compiling to optimised byte code.,HIGH,LOW
celery-4.0.0/t/unit/bin/test_multi.py,72,Access to a protected member _handle_reserved_options of a client class,Category.W,protected-access,Use of assert detected. The enclosed code will be removed when compiling to optimised byte code.,HIGH,LOW
celery-4.0.0/t/unit/bin/test_multi.py,77,Too many positional arguments for method call,Category.E,too-many-function-args,Use of assert detected. The enclosed code will be removed when compiling to optimised byte code.,HIGH,LOW
celery-4.0.0/t/unit/bin/test_multi.py,84,Too many positional arguments for method call,Category.E,too-many-function-args,Use of assert detected. The enclosed code will be removed when compiling to optimised byte code.,HIGH,LOW
celery-4.0.0/t/unit/bin/test_multi.py,88,Too many positional arguments for method call,Category.E,too-many-function-args,Use of assert detected. The enclosed code will be removed when compiling to optimised byte code.,HIGH,LOW
celery-4.0.0/t/unit/bin/test_multi.py,137,Too many positional arguments for method call,Category.E,too-many-function-args,Use of assert detected. The enclosed code will be removed when compiling to optimised byte code.,HIGH,LOW
celery-4.0.0/t/unit/bin/test_worker.py,44,Instance of 'test_Worker' has no 'app' member,Category.E,no-member,Use of assert detected. The enclosed code will be removed when compiling to optimised byte code.,HIGH,LOW
celery-4.0.0/t/unit/bin/test_worker.py,291,Instance of 'test_Worker' has no 'app' member,Category.E,no-member,Use of assert detected. The enclosed code will be removed when compiling to optimised byte code.,HIGH,LOW
celery-4.0.0/t/unit/bin/test_worker.py,341,Instance of 'Controller' has no 'hup_not_supported_installed' member,Category.E,no-member,Use of assert detected. The enclosed code will be removed when compiling to optimised byte code.,HIGH,LOW
celery-4.0.0/t/unit/compat_modules/test_compat_utils.py,26,Module 'celery' has no 'messaging' member,Category.E,no-member,Use of assert detected. The enclosed code will be removed when compiling to optimised byte code.,HIGH,LOW
celery-4.0.0/t/unit/compat_modules/test_compat_utils.py,32,Module 'celery.task' has no 'control' member,Category.E,no-member,Use of assert detected. The enclosed code will be removed when compiling to optimised byte code.,HIGH,LOW
celery-4.0.0/t/unit/compat_modules/test_decorators.py,17,task is not callable,Category.E,not-callable,Use of assert detected. The enclosed code will be removed when compiling to optimised byte code.,HIGH,LOW
celery-4.0.0/t/unit/concurrency/test_concurrency.py,149,Access to a protected member _state of a client class,Category.W,protected-access,Use of assert detected. The enclosed code will be removed when compiling to optimised byte code.,HIGH,LOW
celery-4.0.0/t/unit/concurrency/test_eventlet.py,72,Access to a protected member _queue of a client class,Category.W,protected-access,Use of assert detected. The enclosed code will be removed when compiling to optimised byte code.,HIGH,LOW
celery-4.0.0/t/unit/concurrency/test_eventlet.py,128,Access to a protected member _get_info of a client class,Category.W,protected-access,Use of assert detected. The enclosed code will be removed when compiling to optimised byte code.,HIGH,LOW
celery-4.0.0/t/unit/concurrency/test_gevent.py,51,Access to a protected member _queue of a client class,Category.W,protected-access,Use of assert detected. The enclosed code will be removed when compiling to optimised byte code.,HIGH,LOW
celery-4.0.0/t/unit/concurrency/test_gevent.py,83,Access to a protected member _pool of a client class,Category.W,protected-access,Use of assert detected. The enclosed code will be removed when compiling to optimised byte code.,HIGH,LOW
celery-4.0.0/t/unit/concurrency/test_gevent.py,84,Access to a protected member _semaphore of a client class,Category.W,protected-access,Use of assert detected. The enclosed code will be removed when compiling to optimised byte code.,HIGH,LOW
celery-4.0.0/t/unit/concurrency/test_gevent.py,84,Access to a protected member _pool of a client class,Category.W,protected-access,Use of assert detected. The enclosed code will be removed when compiling to optimised byte code.,HIGH,LOW
celery-4.0.0/t/unit/concurrency/test_gevent.py,86,Access to a protected member _pool of a client class,Category.W,protected-access,Use of assert detected. The enclosed code will be removed when compiling to optimised byte code.,HIGH,LOW
celery-4.0.0/t/unit/concurrency/test_gevent.py,87,Access to a protected member _semaphore of a client class,Category.W,protected-access,Use of assert detected. The enclosed code will be removed when compiling to optimised byte code.,HIGH,LOW
celery-4.0.0/t/unit/concurrency/test_gevent.py,87,Access to a protected member _pool of a client class,Category.W,protected-access,Use of assert detected. The enclosed code will be removed when compiling to optimised byte code.,HIGH,LOW
celery-4.0.0/t/unit/concurrency/test_pool.py,33,Access to a protected member _pool of a client class,Category.W,protected-access,Use of assert detected. The enclosed code will be removed when compiling to optimised byte code.,HIGH,LOW
celery-4.0.0/t/unit/concurrency/test_prefork.py,208,Access to a protected member _select of a client class,Category.W,protected-access,Use of assert detected. The enclosed code will be removed when compiling to optimised byte code.,HIGH,LOW
celery-4.0.0/t/unit/concurrency/test_prefork.py,211,Access to a protected member _select of a client class,Category.W,protected-access,Use of assert detected. The enclosed code will be removed when compiling to optimised byte code.,HIGH,LOW
celery-4.0.0/t/unit/concurrency/test_prefork.py,220,Access to a protected member _select of a client class,Category.W,protected-access,Use of assert detected. The enclosed code will be removed when compiling to optimised byte code.,HIGH,LOW
celery-4.0.0/t/unit/concurrency/test_prefork.py,229,Access to a protected member _select of a client class,Category.W,protected-access,Use of assert detected. The enclosed code will be removed when compiling to optimised byte code.,HIGH,LOW
celery-4.0.0/t/unit/concurrency/test_prefork.py,317,Access to a protected member _pool of a client class,Category.W,protected-access,Use of assert detected. The enclosed code will be removed when compiling to optimised byte code.,HIGH,LOW
celery-4.0.0/t/unit/concurrency/test_prefork.py,318,Access to a protected member _state of a client class,Category.W,protected-access,Use of assert detected. The enclosed code will be removed when compiling to optimised byte code.,HIGH,LOW
celery-4.0.0/t/unit/concurrency/test_prefork.py,318,Access to a protected member _pool of a client class,Category.W,protected-access,Use of assert detected. The enclosed code will be removed when compiling to optimised byte code.,HIGH,LOW
celery-4.0.0/t/unit/concurrency/test_prefork.py,342,Access to a protected member _pool of a client class,Category.W,protected-access,Use of assert detected. The enclosed code will be removed when compiling to optimised byte code.,HIGH,LOW
celery-4.0.0/t/unit/concurrency/test_prefork.py,373,Access to a protected member _processes of a client class,Category.W,protected-access,Use of assert detected. The enclosed code will be removed when compiling to optimised byte code.,HIGH,LOW
celery-4.0.0/t/unit/concurrency/test_prefork.py,373,Access to a protected member _pool of a client class,Category.W,protected-access,Use of assert detected. The enclosed code will be removed when compiling to optimised byte code.,HIGH,LOW
celery-4.0.0/t/unit/concurrency/test_prefork.py,375,Access to a protected member _processes of a client class,Category.W,protected-access,Use of assert detected. The enclosed code will be removed when compiling to optimised byte code.,HIGH,LOW
celery-4.0.0/t/unit/concurrency/test_prefork.py,375,Access to a protected member _pool of a client class,Category.W,protected-access,Use of assert detected. The enclosed code will be removed when compiling to optimised byte code.,HIGH,LOW
celery-4.0.0/t/unit/concurrency/test_prefork.py,377,Access to a protected member _processes of a client class,Category.W,protected-access,Use of assert detected. The enclosed code will be removed when compiling to optimised byte code.,HIGH,LOW
celery-4.0.0/t/unit/concurrency/test_prefork.py,377,Access to a protected member _pool of a client class,Category.W,protected-access,Use of assert detected. The enclosed code will be removed when compiling to optimised byte code.,HIGH,LOW
celery-4.0.0/t/unit/conftest.py,166,Access to a protected member _threads_at_startup of a client class,Category.W,protected-access,Use of assert detected. The enclosed code will be removed when compiling to optimised byte code.,HIGH,LOW
celery-4.0.0/t/unit/events/test_cursesmon.py,28,Comparison should be row == '783da208-77d0-40ca-b3d6-37dd6dbb55d3 workerworker... task.task.[.]tas 21:13:20 SUCCESS ',Category.C,misplaced-comparison-constant,Use of assert detected. The enclosed code will be removed when compiling to optimised byte code.,HIGH,LOW
celery-4.0.0/t/unit/events/test_cursesmon.py,47,Comparison should be row == 'UUID                      WORKER          TASK             TIME     STATE   ',Category.C,misplaced-comparison-constant,Use of assert detected. The enclosed code will be removed when compiling to optimised byte code.,HIGH,LOW
celery-4.0.0/t/unit/events/test_cursesmon.py,59,Comparison should be row == '783da208-77d0-40ca-b3d6-37dd6dbb55d3 workerworkerworkerworkerworkerworker... task.task.task.task.task.task.task.[.]tas 21:13:20 SUCCESS ',Category.C,misplaced-comparison-constant,Use of assert detected. The enclosed code will be removed when compiling to optimised byte code.,HIGH,LOW
celery-4.0.0/t/unit/events/test_events.py,111,Access to a protected member _group_buffer of a client class,Category.W,protected-access,Use of assert detected. The enclosed code will be removed when compiling to optimised byte code.,HIGH,LOW
celery-4.0.0/t/unit/events/test_events.py,115,Access to a protected member _group_buffer of a client class,Category.W,protected-access,Use of assert detected. The enclosed code will be removed when compiling to optimised byte code.,HIGH,LOW
celery-4.0.0/t/unit/events/test_events.py,118,Access to a protected member _group_buffer of a client class,Category.W,protected-access,Use of assert detected. The enclosed code will be removed when compiling to optimised byte code.,HIGH,LOW
celery-4.0.0/t/unit/events/test_events.py,123,Access to a protected member _group_buffer of a client class,Category.W,protected-access,Use of assert detected. The enclosed code will be removed when compiling to optimised byte code.,HIGH,LOW
celery-4.0.0/t/unit/events/test_snapshot.py,24,Instance of 'test_Polaroid' has no 'app' member,Category.E,no-member,Use of assert detected. The enclosed code will be removed when compiling to optimised byte code.,HIGH,LOW
celery-4.0.0/t/unit/events/test_state.py,277,Access to a protected member _info_fields of a client class,Category.W,protected-access,Use of assert detected. The enclosed code will be removed when compiling to optimised byte code.,HIGH,LOW
celery-4.0.0/t/unit/events/test_state.py,279,Access to a protected member _info_fields of a client class,Category.W,protected-access,Use of assert detected. The enclosed code will be removed when compiling to optimised byte code.,HIGH,LOW
celery-4.0.0/t/unit/events/test_state.py,672,Access to a protected member _taskheap of a client class,Category.W,protected-access,Use of assert detected. The enclosed code will be removed when compiling to optimised byte code.,HIGH,LOW
celery-4.0.0/t/unit/events/test_state.py,673,Access to a protected member _taskheap of a client class,Category.W,protected-access,Use of assert detected. The enclosed code will be removed when compiling to optimised byte code.,HIGH,LOW
celery-4.0.0/t/unit/events/test_state.py,674,Access to a protected member _taskheap of a client class,Category.W,protected-access,Use of assert detected. The enclosed code will be removed when compiling to optimised byte code.,HIGH,LOW
celery-4.0.0/t/unit/events/test_state.py,219,Instance of 'Worker' has no 'idx' member; maybe 'id'?,Category.E,no-member,Use of assert detected. The enclosed code will be removed when compiling to optimised byte code.,HIGH,LOW
celery-4.0.0/t/unit/events/test_state.py,220,Instance of 'Worker' has no 'foo' member,Category.E,no-member,Use of assert detected. The enclosed code will be removed when compiling to optimised byte code.,HIGH,LOW
celery-4.0.0/t/unit/events/test_state.py,222,Instance of 'Worker' has no 'bah' member,Category.E,no-member,Use of assert detected. The enclosed code will be removed when compiling to optimised byte code.,HIGH,LOW
celery-4.0.0/t/unit/events/test_state.py,252,Instance of 'Task' has no 'uuid' member,Category.E,no-member,Use of assert detected. The enclosed code will be removed when compiling to optimised byte code.,HIGH,LOW
celery-4.0.0/t/unit/fixups/test_django.py,111,Access to a protected member _worker_fixup of a client class,Category.W,protected-access,Use of assert detected. The enclosed code will be removed when compiling to optimised byte code.,HIGH,LOW
celery-4.0.0/t/unit/fixups/test_django.py,200,Access to a protected member _db_recycles of a client class,Category.W,protected-access,Use of assert detected. The enclosed code will be removed when compiling to optimised byte code.,HIGH,LOW
celery-4.0.0/t/unit/fixups/test_django.py,206,Access to a protected member _db_recycles of a client class,Category.W,protected-access,Use of assert detected. The enclosed code will be removed when compiling to optimised byte code.,HIGH,LOW
celery-4.0.0/t/unit/fixups/test_django.py,95,Instance of 'test_DjangoFixup' has no 'app' member,Category.E,no-member,Use of assert detected. The enclosed code will be removed when compiling to optimised byte code.,HIGH,LOW
celery-4.0.0/t/unit/security/test_certificate.py,35,Access to a protected member _cert of a client class,Category.W,protected-access,Use of assert detected. The enclosed code will be removed when compiling to optimised byte code.,HIGH,LOW
celery-4.0.0/t/unit/security/test_certificate.py,72,Access to a protected member _certs of a client class,Category.W,protected-access,Use of assert detected. The enclosed code will be removed when compiling to optimised byte code.,HIGH,LOW
celery-4.0.0/t/unit/security/test_security.py,63,Do not use `len(SEQUENCE)` to determine if a sequence is empty,Category.C,len-as-condition,Use of assert detected. The enclosed code will be removed when compiling to optimised byte code.,HIGH,LOW
celery-4.0.0/t/unit/security/test_serialization.py,61,Access to a protected member _decoders of a client class,Category.W,protected-access,Use of assert detected. The enclosed code will be removed when compiling to optimised byte code.,HIGH,LOW
celery-4.0.0/t/unit/tasks/test_canvas.py,148,Do not use `len(SEQUENCE)` to determine if a sequence is empty,Category.C,len-as-condition,Use of assert detected. The enclosed code will be removed when compiling to optimised byte code.,HIGH,LOW
celery-4.0.0/t/unit/tasks/test_canvas.py,524,Do not use `len(SEQUENCE)` to determine if a sequence is empty,Category.C,len-as-condition,Use of assert detected. The enclosed code will be removed when compiling to optimised byte code.,HIGH,LOW
celery-4.0.0/t/unit/tasks/test_canvas.py,188,Access to a protected member _apply_async of a client class,Category.W,protected-access,Use of assert detected. The enclosed code will be removed when compiling to optimised byte code.,HIGH,LOW
celery-4.0.0/t/unit/tasks/test_canvas.py,608,Access to a protected member _app of a client class,Category.W,protected-access,Use of assert detected. The enclosed code will be removed when compiling to optimised byte code.,HIGH,LOW
celery-4.0.0/t/unit/tasks/test_canvas.py,213,Instance of 'test_chunks' has no 'app' member,Category.E,no-member,Use of assert detected. The enclosed code will be removed when compiling to optimised byte code.,HIGH,LOW
celery-4.0.0/t/unit/tasks/test_canvas.py,261,Instance of 'test_chain' has no 'app' member,Category.E,no-member,Use of assert detected. The enclosed code will be removed when compiling to optimised byte code.,HIGH,LOW
celery-4.0.0/t/unit/tasks/test_canvas.py,261,Instance of 'test_chain' has no 'app' member,Category.E,no-member,Use of assert detected. The enclosed code will be removed when compiling to optimised byte code.,HIGH,LOW
celery-4.0.0/t/unit/tasks/test_canvas.py,276,Instance of 'test_chain' has no 'app' member,Category.E,no-member,Use of assert detected. The enclosed code will be removed when compiling to optimised byte code.,HIGH,LOW
celery-4.0.0/t/unit/tasks/test_canvas.py,376,Instance of 'test_chain' has no 'app' member,Category.E,no-member,Use of assert detected. The enclosed code will be removed when compiling to optimised byte code.,HIGH,LOW
celery-4.0.0/t/unit/tasks/test_canvas.py,377,Instance of 'test_chain' has no 'app' member,Category.E,no-member,Use of assert detected. The enclosed code will be removed when compiling to optimised byte code.,HIGH,LOW
celery-4.0.0/t/unit/tasks/test_canvas.py,452,Instance of 'test_group' has no 'app' member,Category.E,no-member,Use of assert detected. The enclosed code will be removed when compiling to optimised byte code.,HIGH,LOW
celery-4.0.0/t/unit/tasks/test_canvas.py,651,Instance of 'test_maybe_signature' has no 'app' member,Category.E,no-member,Use of assert detected. The enclosed code will be removed when compiling to optimised byte code.,HIGH,LOW
celery-4.0.0/t/unit/tasks/test_canvas.py,654,Instance of 'test_maybe_signature' has no 'app' member,Category.E,no-member,Use of assert detected. The enclosed code will be removed when compiling to optimised byte code.,HIGH,LOW
celery-4.0.0/t/unit/tasks/test_canvas.py,659,Instance of 'test_maybe_signature' has no 'app' member,Category.E,no-member,Use of assert detected. The enclosed code will be removed when compiling to optimised byte code.,HIGH,LOW
celery-4.0.0/t/unit/tasks/test_chord.py,149,Instance of 'test_unlock_chord_task' has no 'app' member,Category.E,no-member,Use of assert detected. The enclosed code will be removed when compiling to optimised byte code.,HIGH,LOW
celery-4.0.0/t/unit/tasks/test_chord.py,177,Instance of 'test_unlock_chord_task' has no 'app' member,Category.E,no-member,Use of assert detected. The enclosed code will be removed when compiling to optimised byte code.,HIGH,LOW
celery-4.0.0/t/unit/tasks/test_chord.py,282,Instance of 'test_Chord_task' has no 'app' member,Category.E,no-member,Use of assert detected. The enclosed code will be removed when compiling to optimised byte code.,HIGH,LOW
celery-4.0.0/t/unit/tasks/test_result.py,157,Comparison to literal,Category.R,literal-comparison,Use of assert detected. The enclosed code will be removed when compiling to optimised byte code.,HIGH,LOW
celery-4.0.0/t/unit/tasks/test_result.py,647,Access to a protected member _failed_join_report of a client class,Category.W,protected-access,Use of assert detected. The enclosed code will be removed when compiling to optimised byte code.,HIGH,LOW
celery-4.0.0/t/unit/tasks/test_result.py,189,Instance of 'test_AsyncResult' has no 'app' member,Category.E,no-member,Use of assert detected. The enclosed code will be removed when compiling to optimised byte code.,HIGH,LOW
celery-4.0.0/t/unit/tasks/test_result.py,278,Instance of 'test_AsyncResult' has no 'app' member,Category.E,no-member,Use of assert detected. The enclosed code will be removed when compiling to optimised byte code.,HIGH,LOW
celery-4.0.0/t/unit/tasks/test_result.py,280,Instance of 'test_AsyncResult' has no 'app' member,Category.E,no-member,Use of assert detected. The enclosed code will be removed when compiling to optimised byte code.,HIGH,LOW
celery-4.0.0/t/unit/tasks/test_result.py,355,Instance of 'test_AsyncResult' has no 'app' member,Category.E,no-member,Use of assert detected. The enclosed code will be removed when compiling to optimised byte code.,HIGH,LOW
celery-4.0.0/t/unit/tasks/test_result.py,357,Instance of 'test_AsyncResult' has no 'app' member,Category.E,no-member,Use of assert detected. The enclosed code will be removed when compiling to optimised byte code.,HIGH,LOW
celery-4.0.0/t/unit/tasks/test_result.py,363,Instance of 'test_ResultSet' has no 'app' member,Category.E,no-member,Use of assert detected. The enclosed code will be removed when compiling to optimised byte code.,HIGH,LOW
celery-4.0.0/t/unit/tasks/test_result.py,367,Instance of 'test_ResultSet' has no 'app' member,Category.E,no-member,Use of assert detected. The enclosed code will be removed when compiling to optimised byte code.,HIGH,LOW
celery-4.0.0/t/unit/tasks/test_result.py,406,Instance of 'test_ResultSet' has no 'app' member,Category.E,no-member,Use of assert detected. The enclosed code will be removed when compiling to optimised byte code.,HIGH,LOW
celery-4.0.0/t/unit/tasks/test_result.py,477,Instance of 'test_ResultSet' has no 'app' member,Category.E,no-member,Use of assert detected. The enclosed code will be removed when compiling to optimised byte code.,HIGH,LOW
celery-4.0.0/t/unit/tasks/test_result.py,481,Instance of 'test_ResultSet' has no 'app' member,Category.E,no-member,Use of assert detected. The enclosed code will be removed when compiling to optimised byte code.,HIGH,LOW
celery-4.0.0/t/unit/tasks/test_result.py,612,Instance of 'test_GroupResult' has no 'app' member,Category.E,no-member,Use of assert detected. The enclosed code will be removed when compiling to optimised byte code.,HIGH,LOW
celery-4.0.0/t/unit/tasks/test_result.py,614,Instance of 'test_GroupResult' has no 'app' member,Category.E,no-member,Use of assert detected. The enclosed code will be removed when compiling to optimised byte code.,HIGH,LOW
celery-4.0.0/t/unit/tasks/test_result.py,847,Instance of 'test_tuples' has no 'app' member,Category.E,no-member,Use of assert detected. The enclosed code will be removed when compiling to optimised byte code.,HIGH,LOW
celery-4.0.0/t/unit/tasks/test_result.py,848,Instance of 'test_tuples' has no 'app' member,Category.E,no-member,Use of assert detected. The enclosed code will be removed when compiling to optimised byte code.,HIGH,LOW
celery-4.0.0/t/unit/tasks/test_result.py,867,Instance of 'test_tuples' has no 'app' member,Category.E,no-member,Use of assert detected. The enclosed code will be removed when compiling to optimised byte code.,HIGH,LOW
celery-4.0.0/t/unit/tasks/test_result.py,868,Instance of 'test_tuples' has no 'app' member,Category.E,no-member,Use of assert detected. The enclosed code will be removed when compiling to optimised byte code.,HIGH,LOW
celery-4.0.0/t/unit/tasks/test_tasks.py,514,No value for argument 'self' in function call,Category.E,no-value-for-parameter,Use of assert detected. The enclosed code will be removed when compiling to optimised byte code.,HIGH,LOW
celery-4.0.0/t/unit/tasks/test_trace.py,334,No value for argument 'i' in function call,Category.E,no-value-for-parameter,Use of assert detected. The enclosed code will be removed when compiling to optimised byte code.,HIGH,LOW
celery-4.0.0/t/unit/utils/test_collections.py,202,Do not use `len(SEQUENCE)` to determine if a sequence is empty,Category.C,len-as-condition,Use of assert detected. The enclosed code will be removed when compiling to optimised byte code.,HIGH,LOW
celery-4.0.0/t/unit/utils/test_collections.py,249,Do not use `len(SEQUENCE)` to determine if a sequence is empty,Category.C,len-as-condition,Use of assert detected. The enclosed code will be removed when compiling to optimised byte code.,HIGH,LOW
celery-4.0.0/t/unit/utils/test_collections.py,407,Do not use `len(SEQUENCE)` to determine if a sequence is empty,Category.C,len-as-condition,Use of assert detected. The enclosed code will be removed when compiling to optimised byte code.,HIGH,LOW
celery-4.0.0/t/unit/utils/test_collections.py,185,Access to a protected member _heap of a client class,Category.W,protected-access,Use of assert detected. The enclosed code will be removed when compiling to optimised byte code.,HIGH,LOW
celery-4.0.0/t/unit/utils/test_collections.py,217,Access to a protected member _heap of a client class,Category.W,protected-access,Use of assert detected. The enclosed code will be removed when compiling to optimised byte code.,HIGH,LOW
celery-4.0.0/t/unit/utils/test_collections.py,249,Access to a protected member _data of a client class,Category.W,protected-access,Use of assert detected. The enclosed code will be removed when compiling to optimised byte code.,HIGH,LOW
celery-4.0.0/t/unit/utils/test_collections.py,329,Access to a protected member _data of a client class,Category.W,protected-access,Use of assert detected. The enclosed code will be removed when compiling to optimised byte code.,HIGH,LOW
celery-4.0.0/t/unit/utils/test_collections.py,330,Access to a protected member _heap of a client class,Category.W,protected-access,Use of assert detected. The enclosed code will be removed when compiling to optimised byte code.,HIGH,LOW
celery-4.0.0/t/unit/utils/test_collections.py,338,Access to a protected member _heap of a client class,Category.W,protected-access,Use of assert detected. The enclosed code will be removed when compiling to optimised byte code.,HIGH,LOW
celery-4.0.0/t/unit/utils/test_collections.py,340,Access to a protected member _heap of a client class,Category.W,protected-access,Use of assert detected. The enclosed code will be removed when compiling to optimised byte code.,HIGH,LOW
celery-4.0.0/t/unit/utils/test_collections.py,433,Access to a protected member _LRUpop of a client class,Category.W,protected-access,Use of assert detected. The enclosed code will be removed when compiling to optimised byte code.,HIGH,LOW
celery-4.0.0/t/unit/utils/test_debug.py,29,Access to a protected member _mem_sample of a client class,Category.W,protected-access,Use of assert detected. The enclosed code will be removed when compiling to optimised byte code.,HIGH,LOW
celery-4.0.0/t/unit/utils/test_debug.py,83,Access to a protected member _process of a client class,Category.W,protected-access,Use of assert detected. The enclosed code will be removed when compiling to optimised byte code.,HIGH,LOW
celery-4.0.0/t/unit/utils/test_deprecated.py,47,Access to a protected member _foo of a client class,Category.W,protected-access,Use of assert detected. The enclosed code will be removed when compiling to optimised byte code.,HIGH,LOW
celery-4.0.0/t/unit/utils/test_deprecated.py,27,Method 'foo' has no '__set__' member,Category.E,no-member,Use of assert detected. The enclosed code will be removed when compiling to optimised byte code.,HIGH,LOW
celery-4.0.0/t/unit/utils/test_deprecated.py,27,Method 'foo' has no '__set__' member,Category.E,no-member,Use of assert detected. The enclosed code will be removed when compiling to optimised byte code.,HIGH,LOW
celery-4.0.0/t/unit/utils/test_deprecated.py,27,Method 'foo' has no '__set__' member,Category.E,no-member,Use of assert detected. The enclosed code will be removed when compiling to optimised byte code.,HIGH,LOW
celery-4.0.0/t/unit/utils/test_deprecated.py,28,Method 'foo' has no '__delete__' member,Category.E,no-member,Use of assert detected. The enclosed code will be removed when compiling to optimised byte code.,HIGH,LOW
celery-4.0.0/t/unit/utils/test_deprecated.py,28,Method 'foo' has no '__delete__' member,Category.E,no-member,Use of assert detected. The enclosed code will be removed when compiling to optimised byte code.,HIGH,LOW
celery-4.0.0/t/unit/utils/test_deprecated.py,28,Method 'foo' has no '__delete__' member,Category.E,no-member,Use of assert detected. The enclosed code will be removed when compiling to optimised byte code.,HIGH,LOW
celery-4.0.0/t/unit/utils/test_functional.py,55,"Comparison should be firstmethod('m')([A(), A(), A(), A('four'), A('five')]) == 'four'",Category.C,misplaced-comparison-constant,Use of assert detected. The enclosed code will be removed when compiling to optimised byte code.,HIGH,LOW
celery-4.0.0/t/unit/utils/test_functional.py,57,"Comparison should be firstmethod('m')([A(), A(), A(), lazy(lambda : A('four')), A('five')]) == 'four'",Category.C,misplaced-comparison-constant,Use of assert detected. The enclosed code will be removed when compiling to optimised byte code.,HIGH,LOW
celery-4.0.0/t/unit/utils/test_functional.py,168,Use of exec,Category.W,exec-used,Use of exec detected.,HIGH,MEDIUM
celery-4.0.0/t/unit/utils/test_local.py,269,Using type() instead of isinstance() for a typecheck.,Category.C,unidiomatic-typecheck,Use of assert detected. The enclosed code will be removed when compiling to optimised byte code.,HIGH,LOW
celery-4.0.0/t/unit/utils/test_local.py,270,Using type() instead of isinstance() for a typecheck.,Category.C,unidiomatic-typecheck,Use of assert detected. The enclosed code will be removed when compiling to optimised byte code.,HIGH,LOW
celery-4.0.0/t/unit/utils/test_local.py,272,Using type() instead of isinstance() for a typecheck.,Category.C,unidiomatic-typecheck,Use of assert detected. The enclosed code will be removed when compiling to optimised byte code.,HIGH,LOW
celery-4.0.0/t/unit/utils/test_local.py,61,Access to a protected member _get_current_object of a client class,Category.W,protected-access,Use of assert detected. The enclosed code will be removed when compiling to optimised byte code.,HIGH,LOW
celery-4.0.0/t/unit/utils/test_local.py,283,Lambda may not be necessary,Category.W,unnecessary-lambda,Use of assert detected. The enclosed code will be removed when compiling to optimised byte code.,HIGH,LOW
celery-4.0.0/t/unit/utils/test_local.py,292,Lambda may not be necessary,Category.W,unnecessary-lambda,Use of assert detected. The enclosed code will be removed when compiling to optimised byte code.,HIGH,LOW
celery-4.0.0/t/unit/utils/test_objects.py,9,Instance of 'Bunch' has no 'foo' member,Category.E,no-member,Use of assert detected. The enclosed code will be removed when compiling to optimised byte code.,HIGH,LOW
celery-4.0.0/t/unit/utils/test_objects.py,10,Instance of 'Bunch' has no 'bar' member,Category.E,no-member,Use of assert detected. The enclosed code will be removed when compiling to optimised byte code.,HIGH,LOW
celery-4.0.0/t/unit/utils/test_platforms.py,477,Access to a protected member _is_open of a client class,Category.W,protected-access,Use of assert detected. The enclosed code will be removed when compiling to optimised byte code.,HIGH,LOW
celery-4.0.0/t/unit/utils/test_term.py,55,Access to a protected member _add of a client class,Category.W,protected-access,Use of assert detected. The enclosed code will be removed when compiling to optimised byte code.,HIGH,LOW
celery-4.0.0/t/unit/utils/test_time.py,62,Access to a protected member _minutes of a client class,Category.W,protected-access,Use of assert detected. The enclosed code will be removed when compiling to optimised byte code.,HIGH,LOW
celery-4.0.0/t/unit/utils/test_time.py,65,Access to a protected member _minutes of a client class,Category.W,protected-access,Use of assert detected. The enclosed code will be removed when compiling to optimised byte code.,HIGH,LOW
celery-4.0.0/t/unit/utils/test_utils.py,13,"Bad indentation. Found 8 spaces, expected 4",Category.W,bad-indentation,Use of assert detected. The enclosed code will be removed when compiling to optimised byte code.,HIGH,LOW
celery-4.0.0/t/unit/worker/test_autoscale.py,120,Access to a protected member _is_shutdown of a client class,Category.W,protected-access,Use of assert detected. The enclosed code will be removed when compiling to optimised byte code.,HIGH,LOW
celery-4.0.0/t/unit/worker/test_autoscale.py,121,Access to a protected member _is_stopped of a client class,Category.W,protected-access,Use of assert detected. The enclosed code will be removed when compiling to optimised byte code.,HIGH,LOW
celery-4.0.0/t/unit/worker/test_bootsteps.py,13,Access to a protected member _get_prefix of a client class,Category.W,protected-access,Use of assert detected. The enclosed code will be removed when compiling to optimised byte code.,HIGH,LOW
celery-4.0.0/t/unit/worker/test_bootsteps.py,18,Access to a protected member _get_prefix of a client class,Category.W,protected-access,Use of assert detected. The enclosed code will be removed when compiling to optimised byte code.,HIGH,LOW
celery-4.0.0/t/unit/worker/test_bootsteps.py,22,Access to a protected member _get_prefix of a client class,Category.W,protected-access,Use of assert detected. The enclosed code will be removed when compiling to optimised byte code.,HIGH,LOW
celery-4.0.0/t/unit/worker/test_bootsteps.py,363,Access to a protected member _find_last of a client class,Category.W,protected-access,Use of assert detected. The enclosed code will be removed when compiling to optimised byte code.,HIGH,LOW
celery-4.0.0/t/unit/worker/test_components.py,69,Access to a protected member _process_task_sem of a client class,Category.W,protected-access,Use of assert detected. The enclosed code will be removed when compiling to optimised byte code.,HIGH,LOW
celery-4.0.0/t/unit/worker/test_consumer.py,83,Access to a protected member _update_prefetch_count of a client class,Category.W,protected-access,Use of assert detected. The enclosed code will be removed when compiling to optimised byte code.,HIGH,LOW
celery-4.0.0/t/unit/worker/test_consumer.py,127,Access to a protected member _limit_order of a client class,Category.W,protected-access,Use of assert detected. The enclosed code will be removed when compiling to optimised byte code.,HIGH,LOW
celery-4.0.0/t/unit/worker/test_consumer.py,52,Undefined variable 'buffer',Category.E,undefined-variable,Use of assert detected. The enclosed code will be removed when compiling to optimised byte code.,HIGH,LOW
celery-4.0.0/t/unit/worker/test_consumer.py,66,Instance of 'test_Consumer' has no 'app' member,Category.E,no-member,Use of assert detected. The enclosed code will be removed when compiling to optimised byte code.,HIGH,LOW
celery-4.0.0/t/unit/worker/test_control.py,84,Access to a protected member _node_stopped of a client class,Category.W,protected-access,Use of assert detected. The enclosed code will be removed when compiling to optimised byte code.,HIGH,LOW
celery-4.0.0/t/unit/worker/test_control.py,85,Access to a protected member _node_shutdown of a client class,Category.W,protected-access,Use of assert detected. The enclosed code will be removed when compiling to optimised byte code.,HIGH,LOW
celery-4.0.0/t/unit/worker/test_control.py,96,Access to a protected member _resets of a client class,Category.W,protected-access,Use of assert detected. The enclosed code will be removed when compiling to optimised byte code.,HIGH,LOW
celery-4.0.0/t/unit/worker/test_loops.py,144,Access to a protected member _ready of a client class,Category.W,protected-access,Use of assert detected. The enclosed code will be removed when compiling to optimised byte code.,HIGH,LOW
celery-4.0.0/t/unit/worker/test_loops.py,369,Class 'gi_frame' has no 'f_lasti' member,Category.E,no-member,Use of assert detected. The enclosed code will be removed when compiling to optimised byte code.,HIGH,LOW
celery-4.0.0/t/unit/worker/test_request.py,438,Access to a protected member _terminate_on_ack of a client class,Category.W,protected-access,Use of assert detected. The enclosed code will be removed when compiling to optimised byte code.,HIGH,LOW
celery-4.0.0/t/unit/worker/test_request.py,481,Access to a protected member _already_revoked of a client class,Category.W,protected-access,Use of assert detected. The enclosed code will be removed when compiling to optimised byte code.,HIGH,LOW
celery-4.0.0/t/unit/worker/test_request.py,644,Access to a protected member _fast_trace_task of a client class,Category.W,protected-access,Use of assert detected. The enclosed code will be removed when compiling to optimised byte code.,HIGH,LOW
celery-4.0.0/t/unit/worker/test_request.py,662,Access to a protected member _trace_task_ret of a client class,Category.W,protected-access,Use of assert detected. The enclosed code will be removed when compiling to optimised byte code.,HIGH,LOW
celery-4.0.0/t/unit/worker/test_request.py,1006,Access to a protected member _apply_result of a client class,Category.W,protected-access,Use of assert detected. The enclosed code will be removed when compiling to optimised byte code.,HIGH,LOW
celery-4.0.0/t/unit/worker/test_request.py,1008,Access to a protected member _apply_result of a client class,Category.W,protected-access,Use of assert detected. The enclosed code will be removed when compiling to optimised byte code.,HIGH,LOW
celery-4.0.0/t/unit/worker/test_request.py,207,Instance of 'test_trace_task' has no 'app' member,Category.E,no-member,Use of assert detected. The enclosed code will be removed when compiling to optimised byte code.,HIGH,LOW
celery-4.0.0/t/unit/worker/test_request.py,762,Instance of 'Request' has no 'message' member,Category.E,no-member,Use of assert detected. The enclosed code will be removed when compiling to optimised byte code.,HIGH,LOW
celery-4.0.0/t/unit/worker/test_request.py,848,Instance of 'Request' has no 'message' member,Category.E,no-member,Use of assert detected. The enclosed code will be removed when compiling to optimised byte code.,HIGH,LOW
celery-4.0.0/t/unit/worker/test_state.py,185,Do not use `len(SEQUENCE)` to determine if a sequence is empty,Category.C,len-as-condition,Use of assert detected. The enclosed code will be removed when compiling to optimised byte code.,HIGH,LOW
celery-4.0.0/t/unit/worker/test_worker.py,915,Access to a protected member _persistence of a client class,Category.W,protected-access,Use of assert detected. The enclosed code will be removed when compiling to optimised byte code.,HIGH,LOW
celery-4.0.0/t/unit/worker/test_worker.py,1049,Access to a protected member _process_task of a client class,Category.W,protected-access,Use of assert detected. The enclosed code will be removed when compiling to optimised byte code.,HIGH,LOW
