filename,line_number,pylint_message,pylint_type,pylint_symbol,bandit_issue_text,bandit_issue_confidence,bandit_issue_severity
cloudinary-1.0.19/cloudinary/utils.py,251,Line too long (132/100),Category.C,line-too-long,"Use of insecure MD2, MD4, MD5, or SHA1 hash function.",HIGH,MEDIUM
cloudinary-1.0.19/cloudinary/utils.py,251,"No space allowed after bracket
        signature = ""s--"" + to_string(base64.urlsafe_b64encode( hashlib.sha1(to_bytes(to_sign + api_secret)).digest() )[0:8]) + ""--""
                                                              ^",Category.C,bad-whitespace,"Use of insecure MD2, MD4, MD5, or SHA1 hash function.",HIGH,MEDIUM
cloudinary-1.0.19/cloudinary/utils.py,251,"No space allowed before bracket
        signature = ""s--"" + to_string(base64.urlsafe_b64encode( hashlib.sha1(to_bytes(to_sign + api_secret)).digest() )[0:8]) + ""--""
                                                                                                                      ^",Category.C,bad-whitespace,"Use of insecure MD2, MD4, MD5, or SHA1 hash function.",HIGH,MEDIUM
