filename,line_number,pylint_message,pylint_type,pylint_symbol,bandit_issue_text,bandit_issue_confidence,bandit_issue_severity
django-fernet-fields-0.2.1/fernet_fields/test/test_fields.py,80,Access to a protected member _meta of a client class,Category.W,protected-access,Possible SQL injection vector through string-based query construction.,MEDIUM,MEDIUM
django-fernet-fields-0.2.1/fernet_fields/test/test_fields.py,86,Used builtin function 'map'. Using a list comprehension can be clearer.,Category.W,bad-builtin,Use of assert detected. The enclosed code will be removed when compiling to optimised byte code.,HIGH,LOW
django-fernet-fields-0.2.1/fernet_fields/test/test_fields.py,185,Access to a protected member _meta of a client class,Category.W,protected-access,Possible SQL injection vector through string-based query construction.,MEDIUM,MEDIUM
django-fernet-fields-0.2.1/fernet_fields/test/test_fields.py,193,Used builtin function 'map'. Using a list comprehension can be clearer.,Category.W,bad-builtin,Use of assert detected. The enclosed code will be removed when compiling to optimised byte code.,HIGH,LOW
django-fernet-fields-0.2.1/fernet_fields/test/test_fields.py,35,Method 'fernet' has no 'decrypt' member,Category.E,no-member,Use of assert detected. The enclosed code will be removed when compiling to optimised byte code.,HIGH,LOW
django-fernet-fields-0.2.1/fernet_fields/test/test_fields.py,36,Method 'fernet' has no 'decrypt' member,Category.E,no-member,Use of assert detected. The enclosed code will be removed when compiling to optimised byte code.,HIGH,LOW
django-fernet-fields-0.2.1/fernet_fields/test/test_fields.py,46,Method 'fernet' has no 'encrypt' member,Category.E,no-member,Use of assert detected. The enclosed code will be removed when compiling to optimised byte code.,HIGH,LOW
