filename,line_number,pylint_message,pylint_type,pylint_symbol,bandit_issue_text,bandit_issue_confidence,bandit_issue_severity
djangorestframework-2.2.0/rest_framework/utils/breadcrumbs.py,15,Catching too general exception Exception,Category.W,broad-except,"Try, Except, Pass detected.",HIGH,LOW
djangorestframework-2.2.0/rest_framework/utils/__init__.py,56,"Invalid variable name ""t""",Category.C,invalid-name,Using xml.etree.ElementTree.fromstring to parse untrusted XML data is known to be vulnerable to XML attacks. Replace xml.etree.ElementTree.fromstring with its defusedxml equivalent function or make sure defusedxml.defuse_stdlib() is called,HIGH,MEDIUM
djangorestframework-2.2.0/rest_framework/utils/__init__.py,7,"standard import ""import xml.etree.ElementTree as ET"" comes before ""from django.utils.xmlutils import SimplerXMLGenerator""",Category.C,wrong-import-order,"Using xml.etree.ElementTree to parse untrusted XML data is known to be vulnerable to XML attacks. Replace xml.etree.ElementTree with the equivalent defusedxml package, or make sure defusedxml.defuse_stdlib() is called.",HIGH,LOW
djangorestframework-2.2.0/rest_framework/six.py,308,Use of exec,Category.W,exec-used,Use of exec detected.,HIGH,MEDIUM
djangorestframework-2.2.0/rest_framework/tests/serializer.py,9,"standard import ""import pickle"" comes before ""from django.utils.datastructures import MultiValueDict""",Category.C,wrong-import-order,Consider possible security implications associated with pickle module.,HIGH,LOW
djangorestframework-2.2.0/rest_framework/tests/renderers.py,1,Missing module docstring,Category.C,missing-docstring,Consider possible security implications associated with pickle module.,HIGH,LOW
djangorestframework-2.2.0/rest_framework/tests/tests.py,14,Use of exec,Category.W,exec-used,Use of exec detected.,HIGH,MEDIUM
djangorestframework-2.2.0/rest_framework/parsers.py,15,"standard import ""from xml.etree import ElementTree as ET"" comes before ""from django.conf import settings""",Category.C,wrong-import-order,"Using ElementTree to parse untrusted XML data is known to be vulnerable to XML attacks. Replace ElementTree with the equivalent defusedxml package, or make sure defusedxml.defuse_stdlib() is called.",HIGH,LOW
