filename,line_number,pylint_message,pylint_type,pylint_symbol,bandit_issue_text,bandit_issue_confidence,bandit_issue_severity
etherweaver-0.2.3/etherweaver/plugins/plugin_class.py,135,Found indentation with tabs instead of spaces,Category.W,mixed-indentation,"Possible shell injection via Paramiko call, check inputs are properly sanitized.",MEDIUM,MEDIUM
etherweaver-0.2.3/etherweaver/plugins/plugin_class.py,135,Unused variable 'stdin',Category.W,unused-variable,"Possible shell injection via Paramiko call, check inputs are properly sanitized.",MEDIUM,MEDIUM
etherweaver-0.2.3/etherweaver/core_classes/infrastructure.py,99,Found indentation with tabs instead of spaces,Category.W,mixed-indentation,"The input method in Python 2 will read from standard input, evaluate and run the resulting string as python source code. This is similar, though in many ways worse, then using eval. On Python 2, use raw_input instead, input is safe in Python 3.",HIGH,HIGH
etherweaver-0.2.3/etherweaver/core_classes/infrastructure.py,99,Used builtin function 'input',Category.W,bad-builtin,"The input method in Python 2 will read from standard input, evaluate and run the resulting string as python source code. This is similar, though in many ways worse, then using eval. On Python 2, use raw_input instead, input is safe in Python 3.",HIGH,HIGH
