filename,line_number,pylint_message,pylint_type,pylint_symbol,bandit_issue_text,bandit_issue_confidence,bandit_issue_severity
Genshi-0.6/genshi/template/eval.py,37,Use of exec,Category.W,exec-used,Use of exec detected.,HIGH,MEDIUM
Genshi-0.6/genshi/template/eval.py,178,Use of eval,Category.W,eval-used,Use of possibly insecure function - consider using safer ast.literal_eval.,HIGH,MEDIUM
Genshi-0.6/genshi/template/eval.py,199,Use of exec,Category.W,exec-used,Use of exec detected.,HIGH,MEDIUM
Genshi-0.6/genshi/tests/core.py,75,Using type() instead of isinstance() for a typecheck.,Category.C,unidiomatic-typecheck,Use of assert detected. The enclosed code will be removed when compiling to optimised byte code.,HIGH,LOW
Genshi-0.6/genshi/tests/core.py,80,Using type() instead of isinstance() for a typecheck.,Category.C,unidiomatic-typecheck,Use of assert detected. The enclosed code will be removed when compiling to optimised byte code.,HIGH,LOW
Genshi-0.6/genshi/tests/core.py,86,Using type() instead of isinstance() for a typecheck.,Category.C,unidiomatic-typecheck,Use of assert detected. The enclosed code will be removed when compiling to optimised byte code.,HIGH,LOW
Genshi-0.6/genshi/tests/core.py,91,Using type() instead of isinstance() for a typecheck.,Category.C,unidiomatic-typecheck,Use of assert detected. The enclosed code will be removed when compiling to optimised byte code.,HIGH,LOW
Genshi-0.6/genshi/tests/core.py,96,Using type() instead of isinstance() for a typecheck.,Category.C,unidiomatic-typecheck,Use of assert detected. The enclosed code will be removed when compiling to optimised byte code.,HIGH,LOW
Genshi-0.6/genshi/tests/core.py,101,Using type() instead of isinstance() for a typecheck.,Category.C,unidiomatic-typecheck,Use of assert detected. The enclosed code will be removed when compiling to optimised byte code.,HIGH,LOW
Genshi-0.6/genshi/tests/core.py,106,Using type() instead of isinstance() for a typecheck.,Category.C,unidiomatic-typecheck,Use of assert detected. The enclosed code will be removed when compiling to optimised byte code.,HIGH,LOW
Genshi-0.6/genshi/tests/core.py,111,Using type() instead of isinstance() for a typecheck.,Category.C,unidiomatic-typecheck,Use of assert detected. The enclosed code will be removed when compiling to optimised byte code.,HIGH,LOW
Genshi-0.6/genshi/tests/core.py,116,Using type() instead of isinstance() for a typecheck.,Category.C,unidiomatic-typecheck,Use of assert detected. The enclosed code will be removed when compiling to optimised byte code.,HIGH,LOW
Genshi-0.6/genshi/tests/core.py,121,Using type() instead of isinstance() for a typecheck.,Category.C,unidiomatic-typecheck,Use of assert detected. The enclosed code will be removed when compiling to optimised byte code.,HIGH,LOW
Genshi-0.6/genshi/tests/core.py,126,Using type() instead of isinstance() for a typecheck.,Category.C,unidiomatic-typecheck,Use of assert detected. The enclosed code will be removed when compiling to optimised byte code.,HIGH,LOW
Genshi-0.6/genshi/tests/core.py,131,Using type() instead of isinstance() for a typecheck.,Category.C,unidiomatic-typecheck,Use of assert detected. The enclosed code will be removed when compiling to optimised byte code.,HIGH,LOW
Genshi-0.6/genshi/tests/core.py,136,Using type() instead of isinstance() for a typecheck.,Category.C,unidiomatic-typecheck,Use of assert detected. The enclosed code will be removed when compiling to optimised byte code.,HIGH,LOW
Genshi-0.6/genshi/tests/core.py,141,Using type() instead of isinstance() for a typecheck.,Category.C,unidiomatic-typecheck,Use of assert detected. The enclosed code will be removed when compiling to optimised byte code.,HIGH,LOW
Genshi-0.6/genshi/tests/core.py,146,Using type() instead of isinstance() for a typecheck.,Category.C,unidiomatic-typecheck,Use of assert detected. The enclosed code will be removed when compiling to optimised byte code.,HIGH,LOW
Genshi-0.6/genshi/tests/core.py,151,Using type() instead of isinstance() for a typecheck.,Category.C,unidiomatic-typecheck,Use of assert detected. The enclosed code will be removed when compiling to optimised byte code.,HIGH,LOW
Genshi-0.6/genshi/tests/core.py,156,Using type() instead of isinstance() for a typecheck.,Category.C,unidiomatic-typecheck,Use of assert detected. The enclosed code will be removed when compiling to optimised byte code.,HIGH,LOW
Genshi-0.6/genshi/tests/core.py,164,Using deprecated method assertEquals(),Category.W,deprecated-method,"Pickle and modules that wrap it can be unsafe when used to deserialize untrusted data, possible security issue.",HIGH,MEDIUM
Genshi-0.6/genshi/tests/core.py,191,Use of eval,Category.W,eval-used,Use of possibly insecure function - consider using safer ast.literal_eval.,HIGH,MEDIUM
Genshi-0.6/genshi/tests/core.py,195,Use of eval,Category.W,eval-used,Use of possibly insecure function - consider using safer ast.literal_eval.,HIGH,MEDIUM
Genshi-0.6/genshi/tests/core.py,228,Use of eval,Category.W,eval-used,Use of possibly insecure function - consider using safer ast.literal_eval.,HIGH,MEDIUM
Genshi-0.6/genshi/tests/core.py,232,Use of eval,Category.W,eval-used,Use of possibly insecure function - consider using safer ast.literal_eval.,HIGH,MEDIUM
Genshi-0.6/examples/bench/bigtable.py,86,"Constant name ""mako_tmpl"" doesn't conform to UPPER_CASE naming style",Category.C,invalid-name,"Mako templates allow HTML/JS rendering by default and are inherently open to XSS attacks. Ensure variables in all templates are properly sanitized via the 'n', 'h' or 'x' flags (depending on context). For example, to HTML escape the variable 'data' do ${ data |h }.",HIGH,MEDIUM
Genshi-0.6/genshi/template/tests/loader.py,306,Access to a protected member _cache of a client class,Category.W,protected-access,Use of assert detected. The enclosed code will be removed when compiling to optimised byte code.,HIGH,LOW
Genshi-0.6/genshi/template/tests/loader.py,347,Access to a protected member _cache of a client class,Category.W,protected-access,Use of assert detected. The enclosed code will be removed when compiling to optimised byte code.,HIGH,LOW
Genshi-0.6/genshi/filters/i18n.py,354,Comparison to literal,Category.R,literal-comparison,Use of assert detected. The enclosed code will be removed when compiling to optimised byte code.,HIGH,LOW
Genshi-0.6/genshi/template/tests/eval.py,354,Access to a protected member _owner of a client class,Category.W,protected-access,Use of assert detected. The enclosed code will be removed when compiling to optimised byte code.,HIGH,LOW
Genshi-0.6/genshi/template/tests/eval.py,366,Access to a protected member _owner of a client class,Category.W,protected-access,Use of assert detected. The enclosed code will be removed when compiling to optimised byte code.,HIGH,LOW
Genshi-0.6/genshi/template/tests/eval.py,391,Access to a protected member _owner of a client class,Category.W,protected-access,Use of assert detected. The enclosed code will be removed when compiling to optimised byte code.,HIGH,LOW
Genshi-0.6/examples/tutorial/geddit/controller.py,3,"Multiple imports on one line (operator, os, pickle, sys)",Category.C,multiple-imports,Consider possible security implications associated with pickle module.,HIGH,LOW
