filename,line_number,pylint_message,pylint_type,pylint_symbol,bandit_issue_text,bandit_issue_confidence,bandit_issue_severity
geventhttpclient-1.1.0/src/geventhttpclient/response.py,156,No exception type(s) specified,Category.W,bare-except,"Try, Except, Pass detected.",HIGH,LOW
geventhttpclient-1.1.0/src/geventhttpclient/connectionpool.py,63,No exception type(s) specified,Category.W,bare-except,"Try, Except, Pass detected.",HIGH,LOW
geventhttpclient-1.1.0/src/geventhttpclient/connectionpool.py,132,No exception type(s) specified,Category.W,bare-except,"Try, Except, Pass detected.",HIGH,LOW
geventhttpclient-1.1.0/src/geventhttpclient/connectionpool.py,143,No exception type(s) specified,Category.W,bare-except,"Try, Except, Pass detected.",HIGH,LOW
