filename,line_number,pylint_message,pylint_type,pylint_symbol,bandit_issue_text,bandit_issue_confidence,bandit_issue_severity
Jinja2-2.7.1/docs/jinjaext.py,101,No exception type(s) specified,Category.W,bare-except,"Try, Except, Pass detected.",HIGH,LOW
Jinja2-2.7.1/examples/bench.py,16,"Constant name ""jinja_template"" doesn't conform to UPPER_CASE naming style",Category.C,invalid-name,"By default, jinja2 sets autoescape to False. Consider using autoescape=True or use the select_autoescape function to mitigate XSS vulnerabilities.",HIGH,HIGH
Jinja2-2.7.1/examples/bench.py,147,"Constant name ""mako_template"" doesn't conform to UPPER_CASE naming style",Category.C,invalid-name,"Mako templates allow HTML/JS rendering by default and are inherently open to XSS attacks. Ensure variables in all templates are properly sanitized via the 'n', 'h' or 'x' flags (depending on context). For example, to HTML escape the variable 'data' do ${ data |h }.",HIGH,MEDIUM
Jinja2-2.7.1/jinja2/_stringdefs.py,27,Line too long (12306/100),Category.C,line-too-long,Use of possibly insecure function - consider using safer ast.literal_eval.,HIGH,MEDIUM
Jinja2-2.7.1/jinja2/_stringdefs.py,27,"Constant name ""Cs"" doesn't conform to UPPER_CASE naming style",Category.C,invalid-name,Use of possibly insecure function - consider using safer ast.literal_eval.,HIGH,MEDIUM
Jinja2-2.7.1/jinja2/_stringdefs.py,27,Use of eval,Category.W,eval-used,Use of possibly insecure function - consider using safer ast.literal_eval.,HIGH,MEDIUM
Jinja2-2.7.1/jinja2/sandbox.py,312,Catching too general exception Exception,Category.W,broad-except,"Try, Except, Pass detected.",HIGH,LOW
Jinja2-2.7.1/jinja2/_compat.py,63,Use of exec,Category.W,exec-used,Use of exec detected.,HIGH,MEDIUM
Jinja2-2.7.1/jinja2/_compat.py,30,Unused import pickle,Category.W,unused-import,Consider possible security implications associated with pickle module.,HIGH,LOW
Jinja2-2.7.1/jinja2/_compat.py,59,Unused cPickle imported as pickle,Category.W,unused-import,Consider possible security implications associated with cPickle module.,HIGH,LOW
Jinja2-2.7.1/jinja2/_compat.py,59,Unable to import 'cPickle',Category.E,import-error,Consider possible security implications associated with cPickle module.,HIGH,LOW
Jinja2-2.7.1/jinja2/debug.py,29,Use of exec,Category.W,exec-used,Use of exec detected.,HIGH,MEDIUM
Jinja2-2.7.1/jinja2/debug.py,51,Catching too general exception Exception,Category.W,broad-except,"Try, Except, Pass detected.",HIGH,LOW
Jinja2-2.7.1/jinja2/debug.py,253,No exception type(s) specified,Category.W,bare-except,"Try, Except, Pass detected.",HIGH,LOW
Jinja2-2.7.1/jinja2/debug.py,258,Use of exec,Category.W,exec-used,Use of exec detected.,HIGH,MEDIUM
Jinja2-2.7.1/jinja2/debug.py,335,No exception type(s) specified,Category.W,bare-except,"Try, Except, Pass detected.",HIGH,LOW
Jinja2-2.7.1/jinja2/parser.py,663,"Consider merging these comparisons with ""in"" to ""token_type in ('dot', 'lbracket')""",Category.R,consider-using-in,Possible hardcoded password: 'dot',MEDIUM,LOW
Jinja2-2.7.1/jinja2/parser.py,663,"Consider merging these comparisons with ""in"" to ""token_type in ('dot', 'lbracket')""",Category.R,consider-using-in,Possible hardcoded password: 'lbracket',MEDIUM,LOW
Jinja2-2.7.1/jinja2/bccache.py,160,Redefining built-in 'hash',Category.W,redefined-builtin,"Use of insecure MD2, MD4, MD5, or SHA1 hash function.",HIGH,MEDIUM
Jinja2-2.7.1/jinja2/environment.py,383,Catching too general exception Exception,Category.W,broad-except,"Try, Except, Pass detected.",HIGH,LOW
Jinja2-2.7.1/jinja2/environment.py,917,Use of exec,Category.W,exec-used,Use of exec detected.,HIGH,MEDIUM
Jinja2-2.7.1/jinja2/testsuite/regression.py,103,Line too long (109/100),Category.C,line-too-long,Use of assert detected. The enclosed code will be removed when compiling to optimised byte code.,HIGH,LOW
Jinja2-2.7.1/jinja2/testsuite/regression.py,19,"Constant name ""env"" doesn't conform to UPPER_CASE naming style",Category.C,invalid-name,"By default, jinja2 sets autoescape to False. Consider using autoescape=True or use the select_autoescape function to mitigate XSS vulnerabilities.",HIGH,HIGH
Jinja2-2.7.1/jinja2/testsuite/regression.py,85,Redefining name 'env' from outer scope (line 19),Category.W,redefined-outer-name,"By default, jinja2 sets autoescape to False. Consider using autoescape=True or use the select_autoescape function to mitigate XSS vulnerabilities.",HIGH,HIGH
Jinja2-2.7.1/jinja2/testsuite/regression.py,91,Redefining name 'env' from outer scope (line 19),Category.W,redefined-outer-name,"By default, jinja2 sets autoescape to False. Consider using autoescape=True or use the select_autoescape function to mitigate XSS vulnerabilities.",HIGH,HIGH
Jinja2-2.7.1/jinja2/testsuite/regression.py,125,Redefining name 'env' from outer scope (line 19),Category.W,redefined-outer-name,"By default, jinja2 sets autoescape to False. Consider using autoescape=True or use the select_autoescape function to mitigate XSS vulnerabilities.",HIGH,HIGH
Jinja2-2.7.1/jinja2/testsuite/regression.py,140,Redefining name 'env' from outer scope (line 19),Category.W,redefined-outer-name,"By default, jinja2 sets autoescape to False. Consider using autoescape=True or use the select_autoescape function to mitigate XSS vulnerabilities.",HIGH,HIGH
Jinja2-2.7.1/jinja2/testsuite/regression.py,251,Redefining name 'env' from outer scope (line 19),Category.W,redefined-outer-name,"By default, jinja2 sets autoescape to False. Consider using autoescape=True or use the select_autoescape function to mitigate XSS vulnerabilities.",HIGH,HIGH
Jinja2-2.7.1/jinja2/testsuite/security.py,90,Using type() instead of isinstance() for a typecheck.,Category.C,unidiomatic-typecheck,Use of assert detected. The enclosed code will be removed when compiling to optimised byte code.,HIGH,LOW
Jinja2-2.7.1/jinja2/testsuite/debug.py,17,"Constant name ""env"" doesn't conform to UPPER_CASE naming style",Category.C,invalid-name,"By default, jinja2 sets autoescape to False. Consider using autoescape=True or use the select_autoescape function to mitigate XSS vulnerabilities.",HIGH,HIGH
Jinja2-2.7.1/jinja2/testsuite/loader.py,180,No exception type(s) specified,Category.W,bare-except,"Try, Except, Pass detected.",HIGH,LOW
Jinja2-2.7.1/jinja2/testsuite/loader.py,116,Attribute 'reg_env' defined outside __init__,Category.W,attribute-defined-outside-init,"By default, jinja2 sets autoescape to False. Consider using autoescape=True or use the select_autoescape function to mitigate XSS vulnerabilities.",HIGH,HIGH
Jinja2-2.7.1/jinja2/testsuite/loader.py,124,Attribute 'mod_env' defined outside __init__,Category.W,attribute-defined-outside-init,"By default, jinja2 sets autoescape to False. Consider using autoescape=True or use the select_autoescape function to mitigate XSS vulnerabilities.",HIGH,HIGH
Jinja2-2.7.1/jinja2/testsuite/bytecode_cache.py,20,"Constant name ""env"" doesn't conform to UPPER_CASE naming style",Category.C,invalid-name,"By default, jinja2 sets autoescape to False. Consider using autoescape=True or use the select_autoescape function to mitigate XSS vulnerabilities.",HIGH,HIGH
Jinja2-2.7.1/jinja2/testsuite/api.py,24,"Constant name ""env"" doesn't conform to UPPER_CASE naming style",Category.C,invalid-name,"By default, jinja2 sets autoescape to False. Consider using autoescape=True or use the select_autoescape function to mitigate XSS vulnerabilities.",HIGH,HIGH
Jinja2-2.7.1/jinja2/testsuite/api.py,32,Redefining name 'env' from outer scope (line 24),Category.W,redefined-outer-name,"By default, jinja2 sets autoescape to False. Consider using autoescape=True or use the select_autoescape function to mitigate XSS vulnerabilities.",HIGH,HIGH
Jinja2-2.7.1/jinja2/testsuite/api.py,46,Redefining name 'env' from outer scope (line 24),Category.W,redefined-outer-name,"By default, jinja2 sets autoescape to False. Consider using autoescape=True or use the select_autoescape function to mitigate XSS vulnerabilities.",HIGH,HIGH
Jinja2-2.7.1/jinja2/testsuite/api.py,85,Redefining name 'env' from outer scope (line 24),Category.W,redefined-outer-name,Using jinja2 templates with autoescape=False is dangerous and can lead to XSS. Ensure autoescape=True or use the select_autoescape function to mitigate XSS vulnerabilities.,MEDIUM,HIGH
Jinja2-2.7.1/jinja2/testsuite/api.py,204,Redefining name 'env' from outer scope (line 24),Category.W,redefined-outer-name,"By default, jinja2 sets autoescape to False. Consider using autoescape=True or use the select_autoescape function to mitigate XSS vulnerabilities.",HIGH,HIGH
Jinja2-2.7.1/jinja2/testsuite/api.py,214,Redefining name 'env' from outer scope (line 24),Category.W,redefined-outer-name,"By default, jinja2 sets autoescape to False. Consider using autoescape=True or use the select_autoescape function to mitigate XSS vulnerabilities.",HIGH,HIGH
Jinja2-2.7.1/jinja2/testsuite/api.py,225,Redefining name 'env' from outer scope (line 24),Category.W,redefined-outer-name,"By default, jinja2 sets autoescape to False. Consider using autoescape=True or use the select_autoescape function to mitigate XSS vulnerabilities.",HIGH,HIGH
Jinja2-2.7.1/jinja2/testsuite/utils.py,42,Access to a protected member _mapping of a client class,Category.W,protected-access,Use of assert detected. The enclosed code will be removed when compiling to optimised byte code.,HIGH,LOW
Jinja2-2.7.1/jinja2/testsuite/utils.py,42,Access to a protected member _mapping of a client class,Category.W,protected-access,Use of assert detected. The enclosed code will be removed when compiling to optimised byte code.,HIGH,LOW
Jinja2-2.7.1/jinja2/testsuite/utils.py,43,Access to a protected member _queue of a client class,Category.W,protected-access,Use of assert detected. The enclosed code will be removed when compiling to optimised byte code.,HIGH,LOW
Jinja2-2.7.1/jinja2/testsuite/utils.py,43,Access to a protected member _queue of a client class,Category.W,protected-access,Use of assert detected. The enclosed code will be removed when compiling to optimised byte code.,HIGH,LOW
Jinja2-2.7.1/jinja2/testsuite/core_tags.py,18,"Constant name ""env"" doesn't conform to UPPER_CASE naming style",Category.C,invalid-name,"By default, jinja2 sets autoescape to False. Consider using autoescape=True or use the select_autoescape function to mitigate XSS vulnerabilities.",HIGH,HIGH
Jinja2-2.7.1/jinja2/testsuite/lexnparse.py,21,"Constant name ""env"" doesn't conform to UPPER_CASE naming style",Category.C,invalid-name,"By default, jinja2 sets autoescape to False. Consider using autoescape=True or use the select_autoescape function to mitigate XSS vulnerabilities.",HIGH,HIGH
Jinja2-2.7.1/jinja2/testsuite/lexnparse.py,379,"Consider changing ""not 42 in bar"" to ""42 not in bar""",Category.C,unneeded-not,Use of assert detected. The enclosed code will be removed when compiling to optimised byte code.,HIGH,LOW
Jinja2-2.7.1/jinja2/testsuite/lexnparse.py,68,Redefining name 'env' from outer scope (line 21),Category.W,redefined-outer-name,"By default, jinja2 sets autoescape to False. Consider using autoescape=True or use the select_autoescape function to mitigate XSS vulnerabilities.",HIGH,HIGH
Jinja2-2.7.1/jinja2/testsuite/lexnparse.py,74,Redefining name 'env' from outer scope (line 21),Category.W,redefined-outer-name,"By default, jinja2 sets autoescape to False. Consider using autoescape=True or use the select_autoescape function to mitigate XSS vulnerabilities.",HIGH,HIGH
Jinja2-2.7.1/jinja2/testsuite/lexnparse.py,106,Redefining name 'env' from outer scope (line 21),Category.W,redefined-outer-name,"By default, jinja2 sets autoescape to False. Consider using autoescape=True or use the select_autoescape function to mitigate XSS vulnerabilities.",HIGH,HIGH
Jinja2-2.7.1/jinja2/testsuite/lexnparse.py,113,Redefining name 'env' from outer scope (line 21),Category.W,redefined-outer-name,"By default, jinja2 sets autoescape to False. Consider using autoescape=True or use the select_autoescape function to mitigate XSS vulnerabilities.",HIGH,HIGH
Jinja2-2.7.1/jinja2/testsuite/lexnparse.py,128,Redefining name 'env' from outer scope (line 21),Category.W,redefined-outer-name,"By default, jinja2 sets autoescape to False. Consider using autoescape=True or use the select_autoescape function to mitigate XSS vulnerabilities.",HIGH,HIGH
Jinja2-2.7.1/jinja2/testsuite/lexnparse.py,137,Redefining name 'env' from outer scope (line 21),Category.W,redefined-outer-name,"By default, jinja2 sets autoescape to False. Consider using autoescape=True or use the select_autoescape function to mitigate XSS vulnerabilities.",HIGH,HIGH
Jinja2-2.7.1/jinja2/testsuite/lexnparse.py,146,Redefining name 'env' from outer scope (line 21),Category.W,redefined-outer-name,"By default, jinja2 sets autoescape to False. Consider using autoescape=True or use the select_autoescape function to mitigate XSS vulnerabilities.",HIGH,HIGH
Jinja2-2.7.1/jinja2/testsuite/lexnparse.py,166,Redefining name 'env' from outer scope (line 21),Category.W,redefined-outer-name,"By default, jinja2 sets autoescape to False. Consider using autoescape=True or use the select_autoescape function to mitigate XSS vulnerabilities.",HIGH,HIGH
Jinja2-2.7.1/jinja2/testsuite/lexnparse.py,186,Redefining name 'env' from outer scope (line 21),Category.W,redefined-outer-name,"By default, jinja2 sets autoescape to False. Consider using autoescape=True or use the select_autoescape function to mitigate XSS vulnerabilities.",HIGH,HIGH
Jinja2-2.7.1/jinja2/testsuite/lexnparse.py,239,Redefining name 'env' from outer scope (line 21),Category.W,redefined-outer-name,"By default, jinja2 sets autoescape to False. Consider using autoescape=True or use the select_autoescape function to mitigate XSS vulnerabilities.",HIGH,HIGH
Jinja2-2.7.1/jinja2/testsuite/lexnparse.py,424,Redefining name 'env' from outer scope (line 21),Category.W,redefined-outer-name,"By default, jinja2 sets autoescape to False. Consider using autoescape=True or use the select_autoescape function to mitigate XSS vulnerabilities.",HIGH,HIGH
Jinja2-2.7.1/jinja2/testsuite/lexnparse.py,429,Redefining name 'env' from outer scope (line 21),Category.W,redefined-outer-name,"By default, jinja2 sets autoescape to False. Consider using autoescape=True or use the select_autoescape function to mitigate XSS vulnerabilities.",HIGH,HIGH
Jinja2-2.7.1/jinja2/testsuite/lexnparse.py,434,Redefining name 'env' from outer scope (line 21),Category.W,redefined-outer-name,"By default, jinja2 sets autoescape to False. Consider using autoescape=True or use the select_autoescape function to mitigate XSS vulnerabilities.",HIGH,HIGH
Jinja2-2.7.1/jinja2/testsuite/lexnparse.py,439,Redefining name 'env' from outer scope (line 21),Category.W,redefined-outer-name,"By default, jinja2 sets autoescape to False. Consider using autoescape=True or use the select_autoescape function to mitigate XSS vulnerabilities.",HIGH,HIGH
Jinja2-2.7.1/jinja2/testsuite/lexnparse.py,444,Redefining name 'env' from outer scope (line 21),Category.W,redefined-outer-name,"By default, jinja2 sets autoescape to False. Consider using autoescape=True or use the select_autoescape function to mitigate XSS vulnerabilities.",HIGH,HIGH
Jinja2-2.7.1/jinja2/testsuite/lexnparse.py,449,Redefining name 'env' from outer scope (line 21),Category.W,redefined-outer-name,"By default, jinja2 sets autoescape to False. Consider using autoescape=True or use the select_autoescape function to mitigate XSS vulnerabilities.",HIGH,HIGH
Jinja2-2.7.1/jinja2/testsuite/lexnparse.py,454,Redefining name 'env' from outer scope (line 21),Category.W,redefined-outer-name,"By default, jinja2 sets autoescape to False. Consider using autoescape=True or use the select_autoescape function to mitigate XSS vulnerabilities.",HIGH,HIGH
Jinja2-2.7.1/jinja2/testsuite/lexnparse.py,460,Redefining name 'env' from outer scope (line 21),Category.W,redefined-outer-name,"By default, jinja2 sets autoescape to False. Consider using autoescape=True or use the select_autoescape function to mitigate XSS vulnerabilities.",HIGH,HIGH
Jinja2-2.7.1/jinja2/testsuite/lexnparse.py,465,Redefining name 'env' from outer scope (line 21),Category.W,redefined-outer-name,"By default, jinja2 sets autoescape to False. Consider using autoescape=True or use the select_autoescape function to mitigate XSS vulnerabilities.",HIGH,HIGH
Jinja2-2.7.1/jinja2/testsuite/lexnparse.py,470,Redefining name 'env' from outer scope (line 21),Category.W,redefined-outer-name,"By default, jinja2 sets autoescape to False. Consider using autoescape=True or use the select_autoescape function to mitigate XSS vulnerabilities.",HIGH,HIGH
Jinja2-2.7.1/jinja2/testsuite/lexnparse.py,477,Redefining name 'env' from outer scope (line 21),Category.W,redefined-outer-name,"By default, jinja2 sets autoescape to False. Consider using autoescape=True or use the select_autoescape function to mitigate XSS vulnerabilities.",HIGH,HIGH
Jinja2-2.7.1/jinja2/testsuite/lexnparse.py,483,Redefining name 'env' from outer scope (line 21),Category.W,redefined-outer-name,"By default, jinja2 sets autoescape to False. Consider using autoescape=True or use the select_autoescape function to mitigate XSS vulnerabilities.",HIGH,HIGH
Jinja2-2.7.1/jinja2/testsuite/lexnparse.py,489,Redefining name 'env' from outer scope (line 21),Category.W,redefined-outer-name,"By default, jinja2 sets autoescape to False. Consider using autoescape=True or use the select_autoescape function to mitigate XSS vulnerabilities.",HIGH,HIGH
Jinja2-2.7.1/jinja2/testsuite/lexnparse.py,500,Redefining name 'env' from outer scope (line 21),Category.W,redefined-outer-name,"By default, jinja2 sets autoescape to False. Consider using autoescape=True or use the select_autoescape function to mitigate XSS vulnerabilities.",HIGH,HIGH
Jinja2-2.7.1/jinja2/testsuite/lexnparse.py,511,Redefining name 'env' from outer scope (line 21),Category.W,redefined-outer-name,"By default, jinja2 sets autoescape to False. Consider using autoescape=True or use the select_autoescape function to mitigate XSS vulnerabilities.",HIGH,HIGH
Jinja2-2.7.1/jinja2/testsuite/lexnparse.py,521,Redefining name 'env' from outer scope (line 21),Category.W,redefined-outer-name,"By default, jinja2 sets autoescape to False. Consider using autoescape=True or use the select_autoescape function to mitigate XSS vulnerabilities.",HIGH,HIGH
Jinja2-2.7.1/jinja2/testsuite/lexnparse.py,531,Redefining name 'env' from outer scope (line 21),Category.W,redefined-outer-name,"By default, jinja2 sets autoescape to False. Consider using autoescape=True or use the select_autoescape function to mitigate XSS vulnerabilities.",HIGH,HIGH
Jinja2-2.7.1/jinja2/testsuite/lexnparse.py,541,Redefining name 'env' from outer scope (line 21),Category.W,redefined-outer-name,"By default, jinja2 sets autoescape to False. Consider using autoescape=True or use the select_autoescape function to mitigate XSS vulnerabilities.",HIGH,HIGH
Jinja2-2.7.1/jinja2/testsuite/lexnparse.py,557,Redefining name 'env' from outer scope (line 21),Category.W,redefined-outer-name,"By default, jinja2 sets autoescape to False. Consider using autoescape=True or use the select_autoescape function to mitigate XSS vulnerabilities.",HIGH,HIGH
Jinja2-2.7.1/jinja2/testsuite/lexnparse.py,567,Redefining name 'env' from outer scope (line 21),Category.W,redefined-outer-name,"By default, jinja2 sets autoescape to False. Consider using autoescape=True or use the select_autoescape function to mitigate XSS vulnerabilities.",HIGH,HIGH
Jinja2-2.7.1/jinja2/testsuite/lexnparse.py,577,Redefining name 'env' from outer scope (line 21),Category.W,redefined-outer-name,"By default, jinja2 sets autoescape to False. Consider using autoescape=True or use the select_autoescape function to mitigate XSS vulnerabilities.",HIGH,HIGH
Jinja2-2.7.1/jinja2/testsuite/lexnparse.py,399,Instance of 'Template' has no 'body' member,Category.E,no-member,Use of assert detected. The enclosed code will be removed when compiling to optimised byte code.,HIGH,LOW
Jinja2-2.7.1/jinja2/testsuite/lexnparse.py,400,Instance of 'Template' has no 'body' member,Category.E,no-member,Use of assert detected. The enclosed code will be removed when compiling to optimised byte code.,HIGH,LOW
Jinja2-2.7.1/jinja2/testsuite/inheritance.py,69,"Constant name ""env"" doesn't conform to UPPER_CASE naming style",Category.C,invalid-name,"By default, jinja2 sets autoescape to False. Consider using autoescape=True or use the select_autoescape function to mitigate XSS vulnerabilities.",HIGH,HIGH
Jinja2-2.7.1/jinja2/testsuite/inheritance.py,108,Redefining name 'env' from outer scope (line 69),Category.W,redefined-outer-name,"By default, jinja2 sets autoescape to False. Consider using autoescape=True or use the select_autoescape function to mitigate XSS vulnerabilities.",HIGH,HIGH
Jinja2-2.7.1/jinja2/testsuite/inheritance.py,129,Redefining name 'env' from outer scope (line 69),Category.W,redefined-outer-name,"By default, jinja2 sets autoescape to False. Consider using autoescape=True or use the select_autoescape function to mitigate XSS vulnerabilities.",HIGH,HIGH
Jinja2-2.7.1/jinja2/testsuite/inheritance.py,137,Redefining name 'env' from outer scope (line 69),Category.W,redefined-outer-name,"By default, jinja2 sets autoescape to False. Consider using autoescape=True or use the select_autoescape function to mitigate XSS vulnerabilities.",HIGH,HIGH
Jinja2-2.7.1/jinja2/testsuite/inheritance.py,147,Redefining name 'env' from outer scope (line 69),Category.W,redefined-outer-name,"By default, jinja2 sets autoescape to False. Consider using autoescape=True or use the select_autoescape function to mitigate XSS vulnerabilities.",HIGH,HIGH
Jinja2-2.7.1/jinja2/testsuite/inheritance.py,159,Redefining name 'env' from outer scope (line 69),Category.W,redefined-outer-name,"By default, jinja2 sets autoescape to False. Consider using autoescape=True or use the select_autoescape function to mitigate XSS vulnerabilities.",HIGH,HIGH
Jinja2-2.7.1/jinja2/testsuite/inheritance.py,168,Redefining name 'env' from outer scope (line 69),Category.W,redefined-outer-name,"By default, jinja2 sets autoescape to False. Consider using autoescape=True or use the select_autoescape function to mitigate XSS vulnerabilities.",HIGH,HIGH
Jinja2-2.7.1/jinja2/testsuite/inheritance.py,177,Redefining name 'env' from outer scope (line 69),Category.W,redefined-outer-name,"By default, jinja2 sets autoescape to False. Consider using autoescape=True or use the select_autoescape function to mitigate XSS vulnerabilities.",HIGH,HIGH
Jinja2-2.7.1/jinja2/testsuite/imports.py,19,"Constant name ""test_env"" doesn't conform to UPPER_CASE naming style",Category.C,invalid-name,"By default, jinja2 sets autoescape to False. Consider using autoescape=True or use the select_autoescape function to mitigate XSS vulnerabilities.",HIGH,HIGH
Jinja2-2.7.1/jinja2/testsuite/filters.py,287,"Exactly one space required after comma
        assert tmpl.render() == '20.0|30.0|20.0',tmpl.render()
                                                ^",Category.C,bad-whitespace,Use of assert detected. The enclosed code will be removed when compiling to optimised byte code.,HIGH,LOW
Jinja2-2.7.1/jinja2/testsuite/filters.py,17,"Constant name ""env"" doesn't conform to UPPER_CASE naming style",Category.C,invalid-name,"By default, jinja2 sets autoescape to False. Consider using autoescape=True or use the select_autoescape function to mitigate XSS vulnerabilities.",HIGH,HIGH
Jinja2-2.7.1/jinja2/testsuite/filters.py,374,Redefining name 'env' from outer scope (line 17),Category.W,redefined-outer-name,"By default, jinja2 sets autoescape to False. Consider using autoescape=True or use the select_autoescape function to mitigate XSS vulnerabilities.",HIGH,HIGH
Jinja2-2.7.1/jinja2/testsuite/filters.py,409,Redefining name 'env' from outer scope (line 17),Category.W,redefined-outer-name,"By default, jinja2 sets autoescape to False. Consider using autoescape=True or use the select_autoescape function to mitigate XSS vulnerabilities.",HIGH,HIGH
Jinja2-2.7.1/jinja2/testsuite/filters.py,417,Redefining name 'env' from outer scope (line 17),Category.W,redefined-outer-name,"By default, jinja2 sets autoescape to False. Consider using autoescape=True or use the select_autoescape function to mitigate XSS vulnerabilities.",HIGH,HIGH
Jinja2-2.7.1/jinja2/testsuite/filters.py,427,Redefining name 'env' from outer scope (line 17),Category.W,redefined-outer-name,"By default, jinja2 sets autoescape to False. Consider using autoescape=True or use the select_autoescape function to mitigate XSS vulnerabilities.",HIGH,HIGH
Jinja2-2.7.1/jinja2/testsuite/filters.py,432,Redefining name 'env' from outer scope (line 17),Category.W,redefined-outer-name,"By default, jinja2 sets autoescape to False. Consider using autoescape=True or use the select_autoescape function to mitigate XSS vulnerabilities.",HIGH,HIGH
Jinja2-2.7.1/jinja2/testsuite/filters.py,437,Redefining name 'env' from outer scope (line 17),Category.W,redefined-outer-name,"By default, jinja2 sets autoescape to False. Consider using autoescape=True or use the select_autoescape function to mitigate XSS vulnerabilities.",HIGH,HIGH
Jinja2-2.7.1/jinja2/testsuite/filters.py,442,Redefining name 'env' from outer scope (line 17),Category.W,redefined-outer-name,"By default, jinja2 sets autoescape to False. Consider using autoescape=True or use the select_autoescape function to mitigate XSS vulnerabilities.",HIGH,HIGH
Jinja2-2.7.1/jinja2/testsuite/filters.py,447,Redefining name 'env' from outer scope (line 17),Category.W,redefined-outer-name,"By default, jinja2 sets autoescape to False. Consider using autoescape=True or use the select_autoescape function to mitigate XSS vulnerabilities.",HIGH,HIGH
Jinja2-2.7.1/jinja2/testsuite/filters.py,456,Redefining name 'env' from outer scope (line 17),Category.W,redefined-outer-name,"By default, jinja2 sets autoescape to False. Consider using autoescape=True or use the select_autoescape function to mitigate XSS vulnerabilities.",HIGH,HIGH
Jinja2-2.7.1/jinja2/testsuite/filters.py,471,Redefining name 'env' from outer scope (line 17),Category.W,redefined-outer-name,"By default, jinja2 sets autoescape to False. Consider using autoescape=True or use the select_autoescape function to mitigate XSS vulnerabilities.",HIGH,HIGH
Jinja2-2.7.1/jinja2/testsuite/filters.py,486,Redefining name 'env' from outer scope (line 17),Category.W,redefined-outer-name,"By default, jinja2 sets autoescape to False. Consider using autoescape=True or use the select_autoescape function to mitigate XSS vulnerabilities.",HIGH,HIGH
Jinja2-2.7.1/jinja2/testsuite/filters.py,501,Redefining name 'env' from outer scope (line 17),Category.W,redefined-outer-name,"By default, jinja2 sets autoescape to False. Consider using autoescape=True or use the select_autoescape function to mitigate XSS vulnerabilities.",HIGH,HIGH
Jinja2-2.7.1/jinja2/testsuite/tests.py,16,"Constant name ""env"" doesn't conform to UPPER_CASE naming style",Category.C,invalid-name,"By default, jinja2 sets autoescape to False. Consider using autoescape=True or use the select_autoescape function to mitigate XSS vulnerabilities.",HIGH,HIGH
Jinja2-2.7.1/jinja2/testsuite/ext.py,87,"Constant name ""i18n_env"" doesn't conform to UPPER_CASE naming style",Category.C,invalid-name,"By default, jinja2 sets autoescape to False. Consider using autoescape=True or use the select_autoescape function to mitigate XSS vulnerabilities.",HIGH,HIGH
Jinja2-2.7.1/jinja2/testsuite/ext.py,97,"Constant name ""newstyle_i18n_env"" doesn't conform to UPPER_CASE naming style",Category.C,invalid-name,"By default, jinja2 sets autoescape to False. Consider using autoescape=True or use the select_autoescape function to mitigate XSS vulnerabilities.",HIGH,HIGH
Jinja2-2.7.1/jinja2/testsuite/ext.py,214,Class 'TestExtension' has no 'identifier' member,Category.E,no-member,Use of assert detected. The enclosed code will be removed when compiling to optimised byte code.,HIGH,LOW
