filename,line_number,pylint_message,pylint_type,pylint_symbol,bandit_issue_text,bandit_issue_confidence,bandit_issue_severity
onegov.form-0.16.0/onegov/form/tests/test_parser.py,71,Comparison should be form.fieldsets[0].label == 'Pers\xc3\xb6nliche Informationen',Category.C,misplaced-comparison-constant,Use of assert detected. The enclosed code will be removed when compiling to optimised byte code.,HIGH,LOW
onegov.form-0.16.0/onegov/form/tests/test_parser.py,70,"Cannot decode using encoding ""ascii"", unexpected byte at position 68",Category.W,invalid-encoded-data,Use of assert detected. The enclosed code will be removed when compiling to optimised byte code.,HIGH,LOW
onegov.form-0.16.0/onegov/form/tests/test_parser.py,71,"Cannot decode using encoding ""ascii"", unexpected byte at position 16",Category.W,invalid-encoded-data,Use of assert detected. The enclosed code will be removed when compiling to optimised byte code.,HIGH,LOW
onegov.form-0.16.0/onegov/form/tests/test_display.py,38,"Cannot decode using encoding ""ascii"", unexpected byte at position 65",Category.W,invalid-encoded-data,Use of assert detected. The enclosed code will be removed when compiling to optimised byte code.,HIGH,LOW
onegov.form-0.16.0/onegov/form/tests/test_collection.py,289,Do not use `len(SEQUENCE)` to determine if a sequence is empty,Category.C,len-as-condition,Use of assert detected. The enclosed code will be removed when compiling to optimised byte code.,HIGH,LOW
onegov.form-0.16.0/onegov/form/tests/test_collection.py,325,Do not use `len(SEQUENCE)` to determine if a sequence is empty,Category.C,len-as-condition,Use of assert detected. The enclosed code will be removed when compiling to optimised byte code.,HIGH,LOW
