filename,line_number,pylint_message,pylint_type,pylint_symbol,bandit_issue_text,bandit_issue_confidence,bandit_issue_severity
qi.jabberHelpdesk-0.21/qi/jabberHelpdesk/browser/xmlrpc.py,6,"standard import ""from xmlrpclib import Server"" should be placed before ""from zope.interface import implements""",Category.C,wrong-import-order,Using Server to parse untrusted XML data is known to be vulnerable to XML attacks. Use defused.xmlrpc.monkey_patch() function to monkey-patch xmlrpclib and mitigate XML vulnerabilities.,HIGH,HIGH
qi.jabberHelpdesk-0.21/qi/jabberHelpdesk/browser/HelpdeskKSSView.py,40,"Variable name ""userID"" doesn't conform to snake_case naming style",Category.C,invalid-name,Standard pseudo-random generators are not suitable for security/cryptographic purposes.,HIGH,LOW
qi.jabberHelpdesk-0.21/qi/jabberHelpdesk/browser/HelpdeskKSSView.py,40,Found indentation with tabs instead of spaces,Category.W,mixed-indentation,Standard pseudo-random generators are not suitable for security/cryptographic purposes.,HIGH,LOW
qi.jabberHelpdesk-0.21/qi/jabberHelpdesk/browser/HelpdeskKSSView.py,107,Found indentation with tabs instead of spaces,Category.W,mixed-indentation,Probable insecure usage of temp file/directory.,MEDIUM,MEDIUM
qi.jabberHelpdesk-0.21/qi/jabberHelpdesk/browser/HelpdeskKSSView.py,40,Unused variable 'i',Category.W,unused-variable,Standard pseudo-random generators are not suitable for security/cryptographic purposes.,HIGH,LOW
