filename,line_number,pylint_message,pylint_type,pylint_symbol,bandit_issue_text,bandit_issue_confidence,bandit_issue_severity
RestAuth-0.6.2/RestAuth/Users/migrations/0004_concatenate_hashes.py,19,No exception type(s) specified,Category.W,bare-except,"Try, Except, Pass detected.",HIGH,LOW
RestAuth-0.6.2/RestAuth/Users/migrations/0004_concatenate_hashes.py,25,No exception type(s) specified,Category.W,bare-except,"Try, Except, Pass detected.",HIGH,LOW
RestAuth-0.6.2/setup.py,73,"Variable name ""p"" doesn't conform to snake_case naming style",Category.C,invalid-name,subprocess call - check for execution of untrusted input.,HIGH,LOW
RestAuth-0.6.2/setup.py,136,"Variable name ""p"" doesn't conform to snake_case naming style",Category.C,invalid-name,subprocess call - check for execution of untrusted input.,HIGH,LOW
RestAuth-0.6.2/setup.py,276,"Variable name ""p"" doesn't conform to snake_case naming style",Category.C,invalid-name,subprocess call - check for execution of untrusted input.,HIGH,LOW
RestAuth-0.6.2/setup.py,287,"Variable name ""p"" doesn't conform to snake_case naming style",Category.C,invalid-name,subprocess call - check for execution of untrusted input.,HIGH,LOW
RestAuth-0.6.2/setup.py,298,"Variable name ""p"" doesn't conform to snake_case naming style",Category.C,invalid-name,subprocess call - check for execution of untrusted input.,HIGH,LOW
RestAuth-0.6.2/setup.py,455,"Variable name ""p"" doesn't conform to snake_case naming style",Category.C,invalid-name,subprocess call - check for execution of untrusted input.,HIGH,LOW
