filename,line_number,pylint_message,pylint_type,pylint_symbol,bandit_issue_text,bandit_issue_confidence,bandit_issue_severity
sequoia-client-sdk-1.1.0/tests/criteria_test.py,14,Access to a protected member _get_fields of a client class,Category.W,protected-access,Use of assert detected. The enclosed code will be removed when compiling to optimised byte code.,HIGH,LOW
sequoia-client-sdk-1.1.0/tests/criteria_test.py,14,Access to a protected member _get_inclusion_entries of a client class,Category.W,protected-access,Use of assert detected. The enclosed code will be removed when compiling to optimised byte code.,HIGH,LOW
sequoia-client-sdk-1.1.0/tests/criteria_test.py,15,Access to a protected member _get_inclusion_entries of a client class,Category.W,protected-access,Use of assert detected. The enclosed code will be removed when compiling to optimised byte code.,HIGH,LOW
sequoia-client-sdk-1.1.0/tests/client_test.py,317,Line too long (133/100),Category.C,line-too-long,Use of assert detected. The enclosed code will be removed when compiling to optimised byte code.,HIGH,LOW
sequoia-client-sdk-1.1.0/tests/client_integration_test.py,176,Do not use `len(SEQUENCE)` to determine if a sequence is empty,Category.C,len-as-condition,Use of assert detected. The enclosed code will be removed when compiling to optimised byte code.,HIGH,LOW
sequoia-client-sdk-1.1.0/tests/client_integration_test.py,210,Access to a protected member _registry of a client class,Category.W,protected-access,Use of assert detected. The enclosed code will be removed when compiling to optimised byte code.,HIGH,LOW
