filename,line_number,pylint_message,pylint_type,pylint_symbol,bandit_issue_text,bandit_issue_confidence,bandit_issue_severity
splunk-sdk-1.6.5/splunklib/searchcommands/external_search_command.py,136,Line too long (112/100),Category.C,line-too-long,subprocess call - check for execution of untrusted input.,HIGH,LOW
splunk-sdk-1.6.5/splunklib/searchcommands/external_search_command.py,136,"Variable name ""p"" doesn't conform to snake_case naming style",Category.C,invalid-name,subprocess call - check for execution of untrusted input.,HIGH,LOW
splunk-sdk-1.6.5/setup.py,19,"standard import ""from subprocess import check_call, STDOUT"" should be placed before ""from setuptools import setup, Command""",Category.C,wrong-import-order,Consider possible security implications associated with check_call module.,HIGH,LOW
splunk-sdk-1.6.5/splunklib/binding.py,44,"standard import ""from xml.etree.ElementTree import XML"" should be placed before ""from splunklib.six.moves import urllib""",Category.C,wrong-import-order,"Using XML to parse untrusted XML data is known to be vulnerable to XML attacks. Replace XML with the equivalent defusedxml package, or make sure defusedxml.defuse_stdlib() is called.",HIGH,LOW
splunk-sdk-1.6.5/splunklib/binding.py,1345,Access to a protected member _create_unverified_context of a client class,Category.W,protected-access,"By default, Python will create a secure, verified ssl context for use in such classes as HTTPSConnection. However, it still allows using an insecure context via the _create_unverified_context that reverts to the previous behavior that does not validate certificates or perform hostname checks.",HIGH,MEDIUM
splunk-sdk-1.6.5/splunklib/searchcommands/internals.py,533,Do not use `len(SEQUENCE)` to determine if a sequence is empty,Category.C,len-as-condition,Use of assert detected. The enclosed code will be removed when compiling to optimised byte code.,HIGH,LOW
splunk-sdk-1.6.5/splunklib/searchcommands/search_command.py,47,"Import ""from xml.etree import ElementTree"" should be placed at the top of the module",Category.C,wrong-import-position,"Using ElementTree to parse untrusted XML data is known to be vulnerable to XML attacks. Replace ElementTree with the equivalent defusedxml package, or make sure defusedxml.defuse_stdlib() is called.",HIGH,LOW
splunk-sdk-1.6.5/splunklib/searchcommands/search_command.py,47,"standard import ""from xml.etree import ElementTree"" should be placed before ""from splunklib.six.moves import cStringIO as StringIO""",Category.C,wrong-import-order,"Using ElementTree to parse untrusted XML data is known to be vulnerable to XML attacks. Replace ElementTree with the equivalent defusedxml package, or make sure defusedxml.defuse_stdlib() is called.",HIGH,LOW
splunk-sdk-1.6.5/splunklib/six.py,699,Use of exec,Category.W,exec-used,Use of exec detected.,HIGH,MEDIUM
