filename,line_number,pylint_message,pylint_type,pylint_symbol,bandit_issue_text,bandit_issue_confidence,bandit_issue_severity
tryton-2.2.13/tryton/common/domain_inversion.py,265,Comparison to True should be just 'expr' or 'expr is True',Category.C,singleton-comparison,Use of assert detected. The enclosed code will be removed when compiling to optimised byte code.,HIGH,LOW
tryton-2.2.13/tryton/common/domain_inversion.py,266,Comparison to True should be just 'expr' or 'expr is True',Category.C,singleton-comparison,Use of assert detected. The enclosed code will be removed when compiling to optimised byte code.,HIGH,LOW
tryton-2.2.13/tryton/common/domain_inversion.py,267,Comparison to True should be just 'expr' or 'expr is True',Category.C,singleton-comparison,Use of assert detected. The enclosed code will be removed when compiling to optimised byte code.,HIGH,LOW
tryton-2.2.13/tryton/common/domain_inversion.py,268,Comparison to True should be just 'expr' or 'expr is True',Category.C,singleton-comparison,Use of assert detected. The enclosed code will be removed when compiling to optimised byte code.,HIGH,LOW
tryton-2.2.13/tryton/common/domain_inversion.py,276,Comparison to False should be 'not expr' or 'expr is False',Category.C,singleton-comparison,Use of assert detected. The enclosed code will be removed when compiling to optimised byte code.,HIGH,LOW
tryton-2.2.13/tryton/common/domain_inversion.py,280,Comparison to True should be just 'expr' or 'expr is True',Category.C,singleton-comparison,Use of assert detected. The enclosed code will be removed when compiling to optimised byte code.,HIGH,LOW
tryton-2.2.13/tryton/common/domain_inversion.py,281,Comparison to True should be just 'expr' or 'expr is True',Category.C,singleton-comparison,Use of assert detected. The enclosed code will be removed when compiling to optimised byte code.,HIGH,LOW
tryton-2.2.13/tryton/common/domain_inversion.py,294,Comparison to True should be just 'expr' or 'expr is True',Category.C,singleton-comparison,Use of assert detected. The enclosed code will be removed when compiling to optimised byte code.,HIGH,LOW
tryton-2.2.13/tryton/common/domain_inversion.py,295,Comparison to True should be just 'expr' or 'expr is True',Category.C,singleton-comparison,Use of assert detected. The enclosed code will be removed when compiling to optimised byte code.,HIGH,LOW
tryton-2.2.13/tryton/common/domain_inversion.py,296,Comparison to True should be just 'expr' or 'expr is True',Category.C,singleton-comparison,Use of assert detected. The enclosed code will be removed when compiling to optimised byte code.,HIGH,LOW
tryton-2.2.13/tryton/common/domain_inversion.py,297,Comparison to True should be just 'expr' or 'expr is True',Category.C,singleton-comparison,Use of assert detected. The enclosed code will be removed when compiling to optimised byte code.,HIGH,LOW
tryton-2.2.13/tryton/common/domain_inversion.py,303,Comparison to True should be just 'expr' or 'expr is True',Category.C,singleton-comparison,Use of assert detected. The enclosed code will be removed when compiling to optimised byte code.,HIGH,LOW
tryton-2.2.13/tryton/common/domain_inversion.py,308,Comparison to True should be just 'expr' or 'expr is True',Category.C,singleton-comparison,Use of assert detected. The enclosed code will be removed when compiling to optimised byte code.,HIGH,LOW
tryton-2.2.13/tryton/common/domain_inversion.py,317,Comparison to True should be just 'expr' or 'expr is True',Category.C,singleton-comparison,Use of assert detected. The enclosed code will be removed when compiling to optimised byte code.,HIGH,LOW
tryton-2.2.13/tryton/common/domain_inversion.py,319,Comparison to True should be just 'expr' or 'expr is True',Category.C,singleton-comparison,Use of assert detected. The enclosed code will be removed when compiling to optimised byte code.,HIGH,LOW
tryton-2.2.13/tryton/common/domain_inversion.py,320,Comparison to True should be just 'expr' or 'expr is True',Category.C,singleton-comparison,Use of assert detected. The enclosed code will be removed when compiling to optimised byte code.,HIGH,LOW
tryton-2.2.13/tryton/common/domain_inversion.py,321,Comparison to True should be just 'expr' or 'expr is True',Category.C,singleton-comparison,Use of assert detected. The enclosed code will be removed when compiling to optimised byte code.,HIGH,LOW
tryton-2.2.13/tryton/common/domain_inversion.py,327,Comparison to False should be 'not expr' or 'expr is False',Category.C,singleton-comparison,Use of assert detected. The enclosed code will be removed when compiling to optimised byte code.,HIGH,LOW
tryton-2.2.13/tryton/common/domain_inversion.py,333,Comparison to False should be 'not expr' or 'expr is False',Category.C,singleton-comparison,Use of assert detected. The enclosed code will be removed when compiling to optimised byte code.,HIGH,LOW
tryton-2.2.13/tryton/common/domain_inversion.py,334,Comparison to False should be 'not expr' or 'expr is False',Category.C,singleton-comparison,Use of assert detected. The enclosed code will be removed when compiling to optimised byte code.,HIGH,LOW
tryton-2.2.13/tryton/common/domain_inversion.py,344,Comparison to True should be just 'expr' or 'expr is True',Category.C,singleton-comparison,Use of assert detected. The enclosed code will be removed when compiling to optimised byte code.,HIGH,LOW
tryton-2.2.13/tryton/common/domain_inversion.py,345,Comparison to True should be just 'expr' or 'expr is True',Category.C,singleton-comparison,Use of assert detected. The enclosed code will be removed when compiling to optimised byte code.,HIGH,LOW
tryton-2.2.13/tryton/common/domain_inversion.py,346,Comparison to True should be just 'expr' or 'expr is True',Category.C,singleton-comparison,Use of assert detected. The enclosed code will be removed when compiling to optimised byte code.,HIGH,LOW
tryton-2.2.13/tryton/common/domain_inversion.py,347,Comparison to True should be just 'expr' or 'expr is True',Category.C,singleton-comparison,Use of assert detected. The enclosed code will be removed when compiling to optimised byte code.,HIGH,LOW
tryton-2.2.13/tryton/common/domain_inversion.py,348,Comparison to True should be just 'expr' or 'expr is True',Category.C,singleton-comparison,Use of assert detected. The enclosed code will be removed when compiling to optimised byte code.,HIGH,LOW
tryton-2.2.13/tryton/common/domain_inversion.py,349,Comparison to True should be just 'expr' or 'expr is True',Category.C,singleton-comparison,Use of assert detected. The enclosed code will be removed when compiling to optimised byte code.,HIGH,LOW
tryton-2.2.13/tryton/common/domain_inversion.py,350,Comparison to True should be just 'expr' or 'expr is True',Category.C,singleton-comparison,Use of assert detected. The enclosed code will be removed when compiling to optimised byte code.,HIGH,LOW
tryton-2.2.13/tryton/common/domain_inversion.py,351,Comparison to True should be just 'expr' or 'expr is True',Category.C,singleton-comparison,Use of assert detected. The enclosed code will be removed when compiling to optimised byte code.,HIGH,LOW
tryton-2.2.13/tryton/common/domain_inversion.py,352,Comparison to True should be just 'expr' or 'expr is True',Category.C,singleton-comparison,Use of assert detected. The enclosed code will be removed when compiling to optimised byte code.,HIGH,LOW
tryton-2.2.13/tryton/common/domain_inversion.py,353,Comparison to True should be just 'expr' or 'expr is True',Category.C,singleton-comparison,Use of assert detected. The enclosed code will be removed when compiling to optimised byte code.,HIGH,LOW
tryton-2.2.13/tryton/gui/window/view_form/view/form_gtk/textbox.py,52,Catching too general exception Exception,Category.W,broad-except,"Try, Except, Pass detected.",HIGH,LOW
tryton-2.2.13/tryton/gui/window/view_form/view/form_gtk/textbox.py,69,Catching too general exception Exception,Category.W,broad-except,"Try, Except, Pass detected.",HIGH,LOW
tryton-2.2.13/tryton/gui/window/view_form/view/form_gtk/textbox.py,99,Catching too general exception Exception,Category.W,broad-except,"Try, Except, Pass detected.",HIGH,LOW
tryton-2.2.13/tryton/gui/window/view_form/view/form_gtk/textbox.py,115,Catching too general exception Exception,Category.W,broad-except,"Try, Except, Pass detected.",HIGH,LOW
tryton-2.2.13/tryton/gui/window/view_form/screen/screen.py,11,"standard import ""import xml.dom.minidom"" should be placed before ""import gobject""",Category.C,wrong-import-order,"Using xml.dom.minidom to parse untrusted XML data is known to be vulnerable to XML attacks. Replace xml.dom.minidom with the equivalent defusedxml package, or make sure defusedxml.defuse_stdlib() is called.",HIGH,LOW
tryton-2.2.13/tryton/common/common.py,17,"standard import ""import xmlrpclib"" should be placed before ""import gtk""",Category.C,wrong-import-order,Using xmlrpclib to parse untrusted XML data is known to be vulnerable to XML attacks. Use defused.xmlrpc.monkey_patch() function to monkey-patch xmlrpclib and mitigate XML vulnerabilities.,HIGH,HIGH
tryton-2.2.13/tryton/common/common.py,1133,Catching too general exception Exception,Category.W,broad-except,"Try, Except, Pass detected.",HIGH,LOW
tryton-2.2.13/tryton/common/common.py,1457,Use of eval,Category.W,eval-used,Use of possibly insecure function - consider using safer ast.literal_eval.,HIGH,MEDIUM
tryton-2.2.13/tryton/common/common.py,413,Module 'os' has no 'startfile' member,Category.E,no-member,Starting a process without a shell.,MEDIUM,LOW
tryton-2.2.13/tryton/pyson.py,362,Using type() instead of isinstance() for a typecheck.,Category.C,unidiomatic-typecheck,Use of assert detected. The enclosed code will be removed when compiling to optimised byte code.,HIGH,LOW
tryton-2.2.13/tryton/pyson.py,393,Using type() instead of isinstance() for a typecheck.,Category.C,unidiomatic-typecheck,Use of assert detected. The enclosed code will be removed when compiling to optimised byte code.,HIGH,LOW
tryton-2.2.13/tryton/pyson.py,399,Using type() instead of isinstance() for a typecheck.,Category.C,unidiomatic-typecheck,Use of assert detected. The enclosed code will be removed when compiling to optimised byte code.,HIGH,LOW
tryton-2.2.13/tryton/pyson.py,401,Using type() instead of isinstance() for a typecheck.,Category.C,unidiomatic-typecheck,Use of assert detected. The enclosed code will be removed when compiling to optimised byte code.,HIGH,LOW
tryton-2.2.13/tryton/pyson.py,403,Using type() instead of isinstance() for a typecheck.,Category.C,unidiomatic-typecheck,Use of assert detected. The enclosed code will be removed when compiling to optimised byte code.,HIGH,LOW
tryton-2.2.13/setup.py,212,"Exactly one space required after comma
        query_loaders = Popen(os.path.join(gtk_dir,'bin','gdk-pixbuf-query-loaders'),
                                                  ^",Category.C,bad-whitespace,subprocess call - check for execution of untrusted input.,HIGH,LOW
tryton-2.2.13/setup.py,212,"Exactly one space required after comma
        query_loaders = Popen(os.path.join(gtk_dir,'bin','gdk-pixbuf-query-loaders'),
                                                        ^",Category.C,bad-whitespace,subprocess call - check for execution of untrusted input.,HIGH,LOW
tryton-2.2.13/setup.py,301,"Exactly one space required after comma
        query_loaders = Popen(os.path.join(gtk_dir,'bin','gdk-pixbuf-query-loaders'),
                                                  ^",Category.C,bad-whitespace,subprocess call - check for execution of untrusted input.,HIGH,LOW
tryton-2.2.13/setup.py,301,"Exactly one space required after comma
        query_loaders = Popen(os.path.join(gtk_dir,'bin','gdk-pixbuf-query-loaders'),
                                                        ^",Category.C,bad-whitespace,subprocess call - check for execution of untrusted input.,HIGH,LOW
tryton-2.2.13/setup.py,212,"Constant name ""query_loaders"" doesn't conform to UPPER_CASE naming style",Category.C,invalid-name,subprocess call - check for execution of untrusted input.,HIGH,LOW
tryton-2.2.13/setup.py,272,"Constant name ""gtk_binary_version"" doesn't conform to UPPER_CASE naming style",Category.C,invalid-name,subprocess call - check for execution of untrusted input.,HIGH,LOW
tryton-2.2.13/setup.py,272,"Constant name ""gtk_binary_version"" doesn't conform to UPPER_CASE naming style",Category.C,invalid-name,Starting a process with a partial executable path,HIGH,LOW
tryton-2.2.13/setup.py,284,"Constant name ""query_pango"" doesn't conform to UPPER_CASE naming style",Category.C,invalid-name,subprocess call - check for execution of untrusted input.,HIGH,LOW
tryton-2.2.13/setup.py,301,"Constant name ""query_loaders"" doesn't conform to UPPER_CASE naming style",Category.C,invalid-name,subprocess call - check for execution of untrusted input.,HIGH,LOW
tryton-2.2.13/setup.py,323,"Constant name ""query_immodules"" doesn't conform to UPPER_CASE naming style",Category.C,invalid-name,subprocess call - check for execution of untrusted input.,HIGH,LOW
tryton-2.2.13/setup.py,268,Imports from package subprocess are not grouped,Category.C,ungrouped-imports,Consider possible security implications associated with Popen module.,HIGH,LOW
tryton-2.2.13/setup.py,250,Undefined variable 'VERSION',Category.E,undefined-variable,subprocess call - check for execution of untrusted input.,HIGH,LOW
tryton-2.2.13/setup.py,253,Undefined variable 'VERSION',Category.E,undefined-variable,subprocess call - check for execution of untrusted input.,HIGH,LOW
