filename,line_number,pylint_message,pylint_type,pylint_symbol,bandit_issue_text,bandit_issue_confidence,bandit_issue_severity
yubiauth-0.2.2/yubiauth/client/rest.py,75,No exception type(s) specified,Category.W,bare-except,"Try, Except, Pass detected.",HIGH,LOW
yubiauth-0.2.2/yubiauth/core/controller.py,145,No exception type(s) specified,Category.W,bare-except,"Try, Except, Pass detected.",HIGH,LOW
yubiauth-0.2.2/test/test_rest_api.py,148,Do not use `len(SEQUENCE)` to determine if a sequence is empty,Category.C,len-as-condition,Use of assert detected. The enclosed code will be removed when compiling to optimised byte code.,HIGH,LOW
yubiauth-0.2.2/release.py,65,Anomalous backslash in string: '\$'. String constant might be missing an r prefix.,Category.W,anomalous-backslash-in-string,"Starting a process with a shell, possible injection detected, security issue.",HIGH,HIGH
yubiauth-0.2.2/release.py,91,Attribute '_published' defined outside __init__,Category.W,attribute-defined-outside-init,"Starting a process with a shell, possible injection detected, security issue.",HIGH,HIGH
yubiauth-0.2.2/yubiauth/core/rest.py,116,No exception type(s) specified,Category.W,bare-except,"Try, Except, Pass detected.",HIGH,LOW
yubiauth-0.2.2/yubiauth/util/utils.py,44,No exception type(s) specified,Category.W,bare-except,"Try, Except, Pass detected.",HIGH,LOW
