filename,line_number,pylint_message,pylint_type,pylint_symbol,bandit_issue_text,bandit_issue_confidence,bandit_issue_severity
ZopeSkel-2.10/zopeskel/localcommands/__init__.py,141,No exception type(s) specified,Category.W,bare-except,"Try, Except, Pass detected.",HIGH,LOW
ZopeSkel-2.10/zopeskel/templates/recipe/bootstrap.py,28,Use of exec,Category.W,exec-used,Use of exec detected.,HIGH,MEDIUM
ZopeSkel-2.10/zopeskel/templates/recipe/bootstrap.py,28,Use of exec,Category.W,exec-used,Audit url open for permitted schemes. Allowing use of file:/ or custom schemes is often unexpected.,HIGH,MEDIUM
ZopeSkel-2.10/zopeskel/templates/plone3_buildout/bootstrap.py,31,Use of exec,Category.W,exec-used,Use of exec detected.,HIGH,MEDIUM
ZopeSkel-2.10/zopeskel/templates/plone3_buildout/bootstrap.py,31,Use of exec,Category.W,exec-used,Audit url open for permitted schemes. Allowing use of file:/ or custom schemes is often unexpected.,HIGH,MEDIUM
ZopeSkel-2.10/zopeskel/templates/silva_buildout/bootstrap.py,31,Use of exec,Category.W,exec-used,Use of exec detected.,HIGH,MEDIUM
ZopeSkel-2.10/zopeskel/templates/silva_buildout/bootstrap.py,31,Use of exec,Category.W,exec-used,Audit url open for permitted schemes. Allowing use of file:/ or custom schemes is often unexpected.,HIGH,MEDIUM
ZopeSkel-2.10/zopeskel/templates/plone_hosting/bootstrap.py,31,Use of exec,Category.W,exec-used,Use of exec detected.,HIGH,MEDIUM
ZopeSkel-2.10/zopeskel/templates/plone_hosting/bootstrap.py,31,Use of exec,Category.W,exec-used,Audit url open for permitted schemes. Allowing use of file:/ or custom schemes is often unexpected.,HIGH,MEDIUM
